Unidade da Federacao,2000-1-01,2000-2-01,2000-3-01,2000-4-01,2000-5-01,2000-6-01,2000-7-01,2000-8-01,2000-9-01,2000-10-01,2000-11-01,2000-12-01,2001-1-01,2001-2-01,2001-3-01,2001-4-01,2001-5-01,2001-6-01,2001-7-01,2001-8-01,2001-9-01,2001-10-01,2001-11-01,2001-12-01,2002-1-01,2002-2-01,2002-3-01,2002-4-01,2002-5-01,2002-6-01,2002-7-01,2002-8-01,2002-9-01,2002-10-01,2002-11-01,2002-12-01,2003-1-01,2003-2-01,2003-3-01,2003-4-01,2003-5-01,2003-6-01,2003-7-01,2003-8-01,2003-9-01,2003-10-01,2003-11-01,2003-12-01,2004-1-01,2004-2-01,2004-3-01,2004-4-01,2004-5-01,2004-6-01,2004-7-01,2004-8-01,2004-9-01,2004-10-01,2004-11-01,2004-12-01,2005-1-01,2005-2-01,2005-3-01,2005-4-01,2005-5-01,2005-6-01,2005-7-01,2005-8-01,2005-9-01,2005-10-01,2005-11-01,2005-12-01,2006-1-01,2006-2-01,2006-3-01,2006-4-01,2006-5-01,2006-6-01,2006-7-01,2006-8-01,2006-9-01,2006-10-01,2006-11-01,2006-12-01,2007-1-01,2007-2-01,2007-3-01,2007-4-01,2007-5-01,2007-6-01,2007-7-01,2007-8-01,2007-9-01,2007-10-01,2007-11-01,2007-12-01,2008-1-01,2008-2-01,2008-3-01,2008-4-01,2008-5-01,2008-6-01,2008-7-01,2008-8-01,2008-9-01,2008-10-01,2008-11-01,2008-12-01,2009-1-01,2009-2-01,2009-3-01,2009-4-01,2009-5-01,2009-6-01,2009-7-01,2009-8-01,2009-9-01,2009-10-01,2009-11-01,2009-12-01,2010-1-01,2010-2-01,2010-3-01,2010-4-01,2010-5-01,2010-6-01,2010-7-01,2010-8-01,2010-9-01,2010-10-01,2010-11-01,2010-12-01,2011-1-01,2011-2-01,2011-3-01,2011-4-01,2011-5-01,2011-6-01,2011-7-01,2011-8-01,2011-9-01,2011-10-01,2011-11-01,2011-12-01,2012-1-01,2012-2-01,2012-3-01,2012-4-01,2012-5-01,2012-6-01,2012-7-01,2012-8-01,2012-9-01,2012-10-01,2012-11-01,2012-12-01,2013-1-01,2013-2-01,2013-3-01,2013-4-01,2013-5-01,2013-6-01,2013-7-01,2013-8-01,2013-9-01,2013-10-01,2013-11-01,2013-12-01,2014-1-01,2014-2-01,2014-3-01,2014-4-01,2014-5-01,2014-6-01,2014-7-01,2014-8-01,2014-9-01,2014-10-01,2014-11-01,2014-12-01,2015-1-01,2015-2-01,2015-3-01,2015-4-01,2015-5-01,2015-6-01,2015-7-01,2015-8-01,2015-9-01,2015-10-01,2015-11-01,2015-12-01,2016-1-01,2016-2-01,2016-3-01,2016-4-01,2016-5-01,2016-6-01,2016-7-01,2016-8-01,2016-9-01,2016-10-01,2016-11-01,2016-12-01,2017-1-01,2017-2-01,2017-3-01,2017-4-01,2017-5-01,2017-6-01,2017-7-01,2017-8-01,2017-9-01,2017-10-01,2017-11-01,2017-12-01,2018-1-01,2018-2-01,2018-3-01,2018-4-01,2018-5-01,2018-6-01,2018-7-01,2018-8-01,2018-9-01,2018-10-01,2018-11-01,2018-12-01,2019-1-01,2019-2-01,2019-3-01,2019-4-01,2019-5-01,2019-6-01,2019-7-01,2019-8-01,2019-9-01,2019-10-01,2019-11-01,2019-12-01,2020-1-01,2020-2-01,2020-3-01,2020-4-01,2020-5-01,2020-6-01,2020-7-01,2020-8-01,2020-9-01,2020-10-01,2020-11-01,2020-12-01
11 Rondonia,1410998.0,1412978.0,1414958.0,1416938.0,1418918.0,1420898.0,1422878.0,1424858.0,1426838.0,1428818.0,1430798.0,1432778.0,1434605.0,1436431.0,1438257.0,1440083.0,1441909.0,1443735.0,1445561.0,1447387.0,1449213.0,1451039.0,1452865.0,1454691.0,1456376.0,1458066.0,1459756.0,1461446.0,1463136.0,1464826.0,1466516.0,1468206.0,1469896.0,1471586.0,1473276.0,1474966.0,1476592.0,1478221.0,1479850.0,1481479.0,1483108.0,1484737.0,1486366.0,1487995.0,1489624.0,1491253.0,1492882.0,1494511.0,1496104.0,1497702.0,1499300.0,1500898.0,1502496.0,1504094.0,1505692.0,1507290.0,1508888.0,1510486.0,1512084.0,1513682.0,1515235.0,1516783.0,1518331.0,1519879.0,1521427.0,1522975.0,1524523.0,1526071.0,1527619.0,1529167.0,1530715.0,1532263.0,1533716.0,1535173.0,1536630.0,1538087.0,1539544.0,1541001.0,1542458.0,1543915.0,1545372.0,1546829.0,1548286.0,1549743.0,1551150.0,1552553.0,1553956.0,1555359.0,1556762.0,1558165.0,1559568.0,1560971.0,1562374.0,1563777.0,1565180.0,1566583.0,1567945.0,1569302.0,1570659.0,1572016.0,1573373.0,1574730.0,1576087.0,1577444.0,1578801.0,1580158.0,1581515.0,1582872.0,1584187.0,1585500.0,1586813.0,1588126.0,1589439.0,1590752.0,1592065.0,1593378.0,1594691.0,1596004.0,1597317.0,1598630.0,1600265.0,1601896.0,1603527.0,1605158.0,1606789.0,1608420.0,1610051.0,1611682.0,1613313.0,1614944.0,1616575.0,1618206.0,1619850.0,1621490.0,1623130.0,1624770.0,1626410.0,1628050.0,1629690.0,1631330.0,1632970.0,1634610.0,1636250.0,1637890.0,1639529.0,1641174.0,1642819.0,1644464.0,1646109.0,1647754.0,1649399.0,1651044.0,1652689.0,1654334.0,1655979.0,1657624.0,1659299.0,1660978.0,1662657.0,1664336.0,1666015.0,1667694.0,1669373.0,1671052.0,1672731.0,1674410.0,1676089.0,1677768.0,1679474.0,1681182.0,1682890.0,1684598.0,1686306.0,1688014.0,1689722.0,1691430.0,1693138.0,1694846.0,1696554.0,1698262.0,1699900.0,1701537.0,1703174.0,1704811.0,1706448.0,1708085.0,1709722.0,1711359.0,1712996.0,1714633.0,1716270.0,1717907.0,1719550.0,1721189.0,1722828.0,1724467.0,1726106.0,1727745.0,1729384.0,1731023.0,1732662.0,1734301.0,1735940.0,1737579.0,1739246.0,1740914.0,1742582.0,1744250.0,1745918.0,1747586.0,1749254.0,1750922.0,1752590.0,1754258.0,1755926.0,1757594.0,1759225.0,1760861.0,1762497.0,1764133.0,1765769.0,1767405.0,1769041.0,1770677.0,1772313.0,1773949.0,1775585.0,1777221.0,1778828.0,1780431.0,1782034.0,1783637.0,1785240.0,1786843.0,1788446.0,1790049.0,1791652.0,1793255.0,1794858.0,1796461.0,1798028.0,1799596.0,1801164.0,1802732.0,1804300.0,1805868.0,1807436.0,1809004.0,1810572.0,1812140.0,1813708.0,1815276.0
12 Acre,583709.0,585246.0,586783.0,588320.0,589857.0,591394.0,592931.0,594468.0,596005.0,597542.0,599079.0,600616.0,602165.0,603719.0,605273.0,606827.0,608381.0,609935.0,611489.0,613043.0,614597.0,616151.0,617705.0,619259.0,620819.0,622377.0,623935.0,625493.0,627051.0,628609.0,630167.0,631725.0,633283.0,634841.0,636399.0,637957.0,639488.0,641017.0,642546.0,644075.0,645604.0,647133.0,648662.0,650191.0,651720.0,653249.0,654778.0,656307.0,657868.0,659424.0,660980.0,662536.0,664092.0,665648.0,667204.0,668760.0,670316.0,671872.0,673428.0,674984.0,676550.0,678111.0,679672.0,681233.0,682794.0,684355.0,685916.0,687477.0,689038.0,690599.0,692160.0,693721.0,695247.0,696775.0,698303.0,699831.0,701359.0,702887.0,704415.0,705943.0,707471.0,708999.0,710527.0,712055.0,713598.0,715137.0,716676.0,718215.0,719754.0,721293.0,722832.0,724371.0,725910.0,727449.0,728988.0,730527.0,732028.0,733533.0,735038.0,736543.0,738048.0,739553.0,741058.0,742563.0,744068.0,745573.0,747078.0,748583.0,749981.0,751376.0,752771.0,754166.0,755561.0,756956.0,758351.0,759746.0,761141.0,762536.0,763931.0,765326.0,766423.0,767521.0,768619.0,769717.0,770815.0,771913.0,773011.0,774109.0,775207.0,776305.0,777403.0,778501.0,779628.0,780757.0,781886.0,783015.0,784144.0,785273.0,786402.0,787531.0,788660.0,789789.0,790918.0,792047.0,793126.0,794207.0,795288.0,796369.0,797450.0,798531.0,799612.0,800693.0,801774.0,802855.0,803936.0,805017.0,806119.0,807224.0,808329.0,809434.0,810539.0,811644.0,812749.0,813854.0,814959.0,816064.0,817169.0,818274.0,819389.0,820505.0,821621.0,822737.0,823853.0,824969.0,826085.0,827201.0,828317.0,829433.0,830549.0,831665.0,832704.0,833743.0,834782.0,835821.0,836860.0,837899.0,838938.0,839977.0,841016.0,842055.0,843094.0,844133.0,845164.0,846191.0,847218.0,848245.0,849272.0,850299.0,851326.0,852353.0,853380.0,854407.0,855434.0,856461.0,857524.0,858591.0,859658.0,860725.0,861792.0,862859.0,863926.0,864993.0,866060.0,867127.0,868194.0,869261.0,870321.0,871377.0,872433.0,873489.0,874545.0,875601.0,876657.0,877713.0,878769.0,879825.0,880881.0,881937.0,882980.0,884025.0,885070.0,886115.0,887160.0,888205.0,889250.0,890295.0,891340.0,892385.0,893430.0,894475.0,895504.0,896538.0,897572.0,898606.0,899640.0,900674.0,901708.0,902742.0,903776.0,904810.0,905844.0,906878.0
13 Amazonas,2874174.0,2880155.0,2886136.0,2892117.0,2898098.0,2904079.0,2910060.0,2916041.0,2922022.0,2928003.0,2933984.0,2939965.0,2945704.0,2951443.0,2957182.0,2962921.0,2968660.0,2974399.0,2980138.0,2985877.0,2991616.0,2997355.0,3003094.0,3008833.0,3014419.0,3020002.0,3025585.0,3031168.0,3036751.0,3042334.0,3047917.0,3053500.0,3059083.0,3064666.0,3070249.0,3075832.0,3081265.0,3086695.0,3092125.0,3097555.0,3102985.0,3108415.0,3113845.0,3119275.0,3124705.0,3130135.0,3135565.0,3140995.0,3146553.0,3152116.0,3157679.0,3163242.0,3168805.0,3174368.0,3179931.0,3185494.0,3191057.0,3196620.0,3202183.0,3207746.0,3213480.0,3219210.0,3224940.0,3230670.0,3236400.0,3242130.0,3247860.0,3253590.0,3259320.0,3265050.0,3270780.0,3276510.0,3282260.0,3288010.0,3293760.0,3299510.0,3305260.0,3311010.0,3316760.0,3322510.0,3328260.0,3334010.0,3339760.0,3345510.0,3351314.0,3357114.0,3362914.0,3368714.0,3374514.0,3380314.0,3386114.0,3391914.0,3397714.0,3403514.0,3409314.0,3415114.0,3420950.0,3426788.0,3432626.0,3438464.0,3444302.0,3450140.0,3455978.0,3461816.0,3467654.0,3473492.0,3479330.0,3485168.0,3490838.0,3496502.0,3502166.0,3507830.0,3513494.0,3519158.0,3524822.0,3530486.0,3536150.0,3541814.0,3547478.0,3553142.0,3558556.0,3563964.0,3569372.0,3574780.0,3580188.0,3585596.0,3591004.0,3596412.0,3601820.0,3607228.0,3612636.0,3618044.0,3623564.0,3629088.0,3634612.0,3640136.0,3645660.0,3651184.0,3656708.0,3662232.0,3667756.0,3673280.0,3678804.0,3684328.0,3689907.0,3695488.0,3701069.0,3706650.0,3712231.0,3717812.0,3723393.0,3728974.0,3734555.0,3740136.0,3745717.0,3751298.0,3756988.0,3762683.0,3768378.0,3774073.0,3779768.0,3785463.0,3791158.0,3796853.0,3802548.0,3808243.0,3813938.0,3819633.0,3825311.0,3830986.0,3836661.0,3842336.0,3848011.0,3853686.0,3859361.0,3865036.0,3870711.0,3876386.0,3882061.0,3887736.0,3893109.0,3898478.0,3903847.0,3909216.0,3914585.0,3919954.0,3925323.0,3930692.0,3936061.0,3941430.0,3946799.0,3952168.0,3957474.0,3962777.0,3968080.0,3973383.0,3978686.0,3983989.0,3989292.0,3994595.0,3999898.0,4005201.0,4010504.0,4015807.0,4021212.0,4026612.0,4032012.0,4037412.0,4042812.0,4048212.0,4053612.0,4059012.0,4064412.0,4069812.0,4075212.0,4080612.0,4085943.0,4091275.0,4096607.0,4101939.0,4107271.0,4112603.0,4117935.0,4123267.0,4128599.0,4133931.0,4139263.0,4144595.0,4149857.0,4155117.0,4160377.0,4165637.0,4170897.0,4176157.0,4181417.0,4186677.0,4191937.0,4197197.0,4202457.0,4207717.0,4212904.0,4218094.0,4223284.0,4228474.0,4233664.0,4238854.0,4244044.0,4249234.0,4254424.0,4259614.0,4264804.0,4269994.0
14 Roraima,334398.0,335440.0,336482.0,337524.0,338566.0,339608.0,340650.0,341692.0,342734.0,343776.0,344818.0,345860.0,346876.0,347894.0,348912.0,349930.0,350948.0,351966.0,352984.0,354002.0,355020.0,356038.0,357056.0,358074.0,359095.0,360119.0,361143.0,362167.0,363191.0,364215.0,365239.0,366263.0,367287.0,368311.0,369335.0,370359.0,371417.0,372478.0,373539.0,374600.0,375661.0,376722.0,377783.0,378844.0,379905.0,380966.0,382027.0,383088.0,384111.0,385139.0,386167.0,387195.0,388223.0,389251.0,390279.0,391307.0,392335.0,393363.0,394391.0,395419.0,396446.0,397468.0,398490.0,399512.0,400534.0,401556.0,402578.0,403600.0,404622.0,405644.0,406666.0,407688.0,408746.0,409799.0,410852.0,411905.0,412958.0,414011.0,415064.0,416117.0,417170.0,418223.0,419276.0,420329.0,421403.0,422475.0,423547.0,424619.0,425691.0,426763.0,427835.0,428907.0,429979.0,431051.0,432123.0,433195.0,434264.0,435339.0,436414.0,437489.0,438564.0,439639.0,440714.0,441789.0,442864.0,443939.0,445014.0,446089.0,447149.0,448210.0,449271.0,450332.0,451393.0,452454.0,453515.0,454576.0,455637.0,456698.0,457759.0,458820.0,459714.0,460608.0,461502.0,462396.0,463290.0,464184.0,465078.0,465972.0,466866.0,467760.0,468654.0,469548.0,470439.0,471335.0,472231.0,473127.0,474023.0,474919.0,475815.0,476711.0,477607.0,478503.0,479399.0,480295.0,481188.0,482086.0,482984.0,483882.0,484780.0,485678.0,486576.0,487474.0,488372.0,489270.0,490168.0,491066.0,491975.0,492884.0,493793.0,494702.0,495611.0,496520.0,497429.0,498338.0,499247.0,500156.0,501065.0,501974.0,502916.0,503862.0,504808.0,505754.0,506700.0,507646.0,508592.0,509538.0,510484.0,511430.0,512376.0,513322.0,514381.0,515434.0,516487.0,517540.0,518593.0,519646.0,520699.0,521752.0,522805.0,523858.0,524911.0,525964.0,527710.0,529453.0,531196.0,532939.0,534682.0,536425.0,538168.0,539911.0,541654.0,543397.0,545140.0,546883.0,549359.0,551833.0,554307.0,556781.0,559255.0,561729.0,564203.0,566677.0,569151.0,571625.0,574099.0,576573.0,579001.0,581434.0,583867.0,586300.0,588733.0,591166.0,593599.0,596032.0,598465.0,600898.0,603331.0,605764.0,607879.0,609997.0,612115.0,614233.0,616351.0,618469.0,620587.0,622705.0,624823.0,626941.0,629059.0,631177.0,632975.0,634769.0,636563.0,638357.0,640151.0,641945.0,643739.0,645533.0,647327.0,649121.0,650915.0,652709.0
15 Para,6383429.0,6395646.0,6407863.0,6420080.0,6432297.0,6444514.0,6456731.0,6468948.0,6481165.0,6493382.0,6505599.0,6517816.0,6529808.0,6541803.0,6553798.0,6565793.0,6577788.0,6589783.0,6601778.0,6613773.0,6625768.0,6637763.0,6649758.0,6661753.0,6673681.0,6685610.0,6697539.0,6709468.0,6721397.0,6733326.0,6745255.0,6757184.0,6769113.0,6781042.0,6792971.0,6804900.0,6816758.0,6828620.0,6840482.0,6852344.0,6864206.0,6876068.0,6887930.0,6899792.0,6911654.0,6923516.0,6935378.0,6947240.0,6958945.0,6970648.0,6982351.0,6994054.0,7005757.0,7017460.0,7029163.0,7040866.0,7052569.0,7064272.0,7075975.0,7087678.0,7099431.0,7111181.0,7122931.0,7134681.0,7146431.0,7158181.0,7169931.0,7181681.0,7193431.0,7205181.0,7216931.0,7228681.0,7240239.0,7251791.0,7263343.0,7274895.0,7286447.0,7297999.0,7309551.0,7321103.0,7332655.0,7344207.0,7355759.0,7367311.0,7378706.0,7390102.0,7401498.0,7412894.0,7424290.0,7435686.0,7447082.0,7458478.0,7469874.0,7481270.0,7492666.0,7504062.0,7515143.0,7526221.0,7537299.0,7548377.0,7559455.0,7570533.0,7581611.0,7592689.0,7603767.0,7614845.0,7625923.0,7637001.0,7647500.0,7657996.0,7668492.0,7678988.0,7689484.0,7699980.0,7710476.0,7720972.0,7731468.0,7741964.0,7752460.0,7762956.0,7771285.0,7779617.0,7787949.0,7796281.0,7804613.0,7812945.0,7821277.0,7829609.0,7837941.0,7846273.0,7854605.0,7862937.0,7871042.0,7879141.0,7887240.0,7895339.0,7903438.0,7911537.0,7919636.0,7927735.0,7935834.0,7943933.0,7952032.0,7960131.0,7967991.0,7975848.0,7983705.0,7991562.0,7999419.0,8007276.0,8015133.0,8022990.0,8030847.0,8038704.0,8046561.0,8054418.0,8062336.0,8070253.0,8078170.0,8086087.0,8094004.0,8101921.0,8109838.0,8117755.0,8125672.0,8133589.0,8141506.0,8149423.0,8157348.0,8165278.0,8173208.0,8181138.0,8189068.0,8196998.0,8204928.0,8212858.0,8220788.0,8228718.0,8236648.0,8244578.0,8252056.0,8259537.0,8267018.0,8274499.0,8281980.0,8289461.0,8296942.0,8304423.0,8311904.0,8319385.0,8326866.0,8334347.0,8341703.0,8349060.0,8356417.0,8363774.0,8371131.0,8378488.0,8385845.0,8393202.0,8400559.0,8407916.0,8415273.0,8422630.0,8430206.0,8437778.0,8445350.0,8452922.0,8460494.0,8468066.0,8475638.0,8483210.0,8490782.0,8498354.0,8505926.0,8513498.0,8520944.0,8528391.0,8535838.0,8543285.0,8550732.0,8558179.0,8565626.0,8573073.0,8580520.0,8587967.0,8595414.0,8602861.0,8610188.0,8617511.0,8624834.0,8632157.0,8639480.0,8646803.0,8654126.0,8661449.0,8668772.0,8676095.0,8683418.0,8690741.0,8697943.0,8705141.0,8712339.0,8719537.0,8726735.0,8733933.0,8741131.0,8748329.0,8755527.0,8762725.0,8769923.0,8777121.0
16 Amapa,496901.0,498609.0,500317.0,502025.0,503733.0,505441.0,507149.0,508857.0,510565.0,512273.0,513981.0,515689.0,517370.0,519056.0,520742.0,522428.0,524114.0,525800.0,527486.0,529172.0,530858.0,532544.0,534230.0,535916.0,537606.0,539298.0,540990.0,542682.0,544374.0,546066.0,547758.0,549450.0,551142.0,552834.0,554526.0,556218.0,557881.0,559547.0,561213.0,562879.0,564545.0,566211.0,567877.0,569543.0,571209.0,572875.0,574541.0,576207.0,577814.0,579423.0,581032.0,582641.0,584250.0,585859.0,587468.0,589077.0,590686.0,592295.0,593904.0,595513.0,597147.0,598777.0,600407.0,602037.0,603667.0,605297.0,606927.0,608557.0,610187.0,611817.0,613447.0,615077.0,616701.0,618323.0,619945.0,621567.0,623189.0,624811.0,626433.0,628055.0,629677.0,631299.0,632921.0,634543.0,636183.0,637822.0,639461.0,641100.0,642739.0,644378.0,646017.0,647656.0,649295.0,650934.0,652573.0,654212.0,655889.0,657567.0,659245.0,660923.0,662601.0,664279.0,665957.0,667635.0,669313.0,670991.0,672669.0,674347.0,676003.0,677663.0,679323.0,680983.0,682643.0,684303.0,685963.0,687623.0,689283.0,690943.0,692603.0,694263.0,695694.0,697127.0,698560.0,699993.0,701426.0,702859.0,704292.0,705725.0,707158.0,708591.0,710024.0,711457.0,712833.0,714213.0,715593.0,716973.0,718353.0,719733.0,721113.0,722493.0,723873.0,725253.0,726633.0,728013.0,729415.0,730815.0,732215.0,733615.0,735015.0,736415.0,737815.0,739215.0,740615.0,742015.0,743415.0,744815.0,746255.0,747701.0,749147.0,750593.0,752039.0,753485.0,754931.0,756377.0,757823.0,759269.0,760715.0,762161.0,763594.0,765032.0,766470.0,767908.0,769346.0,770784.0,772222.0,773660.0,775098.0,776536.0,777974.0,779412.0,780833.0,782250.0,783667.0,785084.0,786501.0,787918.0,789335.0,790752.0,792169.0,793586.0,795003.0,796420.0,797808.0,799197.0,800586.0,801975.0,803364.0,804753.0,806142.0,807531.0,808920.0,810309.0,811698.0,813087.0,814452.0,815820.0,817188.0,818556.0,819924.0,821292.0,822660.0,824028.0,825396.0,826764.0,828132.0,829500.0,830847.0,832200.0,833553.0,834906.0,836259.0,837612.0,838965.0,840318.0,841671.0,843024.0,844377.0,845730.0,847068.0,848405.0,849742.0,851079.0,852416.0,853753.0,855090.0,856427.0,857764.0,859101.0,860438.0,861775.0,863093.0,864413.0,865733.0,867053.0,868373.0,869693.0,871013.0,872333.0,873653.0,874973.0,876293.0,877613.0
17 Tocantins,1191962.0,1193905.0,1195848.0,1197791.0,1199734.0,1201677.0,1203620.0,1205563.0,1207506.0,1209449.0,1211392.0,1213335.0,1215247.0,1217155.0,1219063.0,1220971.0,1222879.0,1224787.0,1226695.0,1228603.0,1230511.0,1232419.0,1234327.0,1236235.0,1238159.0,1240080.0,1242001.0,1243922.0,1245843.0,1247764.0,1249685.0,1251606.0,1253527.0,1255448.0,1257369.0,1259290.0,1261180.0,1263067.0,1264954.0,1266841.0,1268728.0,1270615.0,1272502.0,1274389.0,1276276.0,1278163.0,1280050.0,1281937.0,1283816.0,1285700.0,1287584.0,1289468.0,1291352.0,1293236.0,1295120.0,1297004.0,1298888.0,1300772.0,1302656.0,1304540.0,1306453.0,1308370.0,1310287.0,1312204.0,1314121.0,1316038.0,1317955.0,1319872.0,1321789.0,1323706.0,1325623.0,1327540.0,1329371.0,1331199.0,1333027.0,1334855.0,1336683.0,1338511.0,1340339.0,1342167.0,1343995.0,1345823.0,1347651.0,1349479.0,1351268.0,1353055.0,1354842.0,1356629.0,1358416.0,1360203.0,1361990.0,1363777.0,1365564.0,1367351.0,1369138.0,1370925.0,1372707.0,1374490.0,1376273.0,1378056.0,1379839.0,1381622.0,1383405.0,1385188.0,1386971.0,1388754.0,1390537.0,1392320.0,1394039.0,1395762.0,1397485.0,1399208.0,1400931.0,1402654.0,1404377.0,1406100.0,1407823.0,1409546.0,1411269.0,1412992.0,1414530.0,1416071.0,1417612.0,1419153.0,1420694.0,1422235.0,1423776.0,1425317.0,1426858.0,1428399.0,1429940.0,1431481.0,1433003.0,1434528.0,1436053.0,1437578.0,1439103.0,1440628.0,1442153.0,1443678.0,1445203.0,1446728.0,1448253.0,1449778.0,1451254.0,1452729.0,1454204.0,1455679.0,1457154.0,1458629.0,1460104.0,1461579.0,1463054.0,1464529.0,1466004.0,1467479.0,1468961.0,1470448.0,1471935.0,1473422.0,1474909.0,1476396.0,1477883.0,1479370.0,1480857.0,1482344.0,1483831.0,1485318.0,1486832.0,1488346.0,1489860.0,1491374.0,1492888.0,1494402.0,1495916.0,1497430.0,1498944.0,1500458.0,1501972.0,1503486.0,1504896.0,1506310.0,1507724.0,1509138.0,1510552.0,1511966.0,1513380.0,1514794.0,1516208.0,1517622.0,1519036.0,1520450.0,1521856.0,1523264.0,1524672.0,1526080.0,1527488.0,1528896.0,1530304.0,1531712.0,1533120.0,1534528.0,1535936.0,1537344.0,1538840.0,1540330.0,1541820.0,1543310.0,1544800.0,1546290.0,1547780.0,1549270.0,1550760.0,1552250.0,1553740.0,1555230.0,1556699.0,1558169.0,1559639.0,1561109.0,1562579.0,1564049.0,1565519.0,1566989.0,1568459.0,1569929.0,1571399.0,1572869.0,1574314.0,1575762.0,1577210.0,1578658.0,1580106.0,1581554.0,1583002.0,1584450.0,1585898.0,1587346.0,1588794.0,1590242.0,1591674.0,1593100.0,1594526.0,1595952.0,1597378.0,1598804.0,1600230.0,1601656.0,1603082.0,1604508.0,1605934.0,1607360.0
21 Maranhao,5843759.0,5851522.0,5859285.0,5867048.0,5874811.0,5882574.0,5890337.0,5898100.0,5905863.0,5913626.0,5921389.0,5929152.0,5936327.0,5943505.0,5950683.0,5957861.0,5965039.0,5972217.0,5979395.0,5986573.0,5993751.0,6000929.0,6008107.0,6015285.0,6023094.0,6030902.0,6038710.0,6046518.0,6054326.0,6062134.0,6069942.0,6077750.0,6085558.0,6093366.0,6101174.0,6108982.0,6116905.0,6124829.0,6132753.0,6140677.0,6148601.0,6156525.0,6164449.0,6172373.0,6180297.0,6188221.0,6196145.0,6204069.0,6211852.0,6219635.0,6227418.0,6235201.0,6242984.0,6250767.0,6258550.0,6266333.0,6274116.0,6281899.0,6289682.0,6297465.0,6305165.0,6312867.0,6320569.0,6328271.0,6335973.0,6343675.0,6351377.0,6359079.0,6366781.0,6374483.0,6382185.0,6389887.0,6397178.0,6404470.0,6411762.0,6419054.0,6426346.0,6433638.0,6440930.0,6448222.0,6455514.0,6462806.0,6470098.0,6477390.0,6484418.0,6491442.0,6498466.0,6505490.0,6512514.0,6519538.0,6526562.0,6533586.0,6540610.0,6547634.0,6554658.0,6561682.0,6568127.0,6574573.0,6581019.0,6587465.0,6593911.0,6600357.0,6606803.0,6613249.0,6619695.0,6626141.0,6632587.0,6639033.0,6645026.0,6651020.0,6657014.0,6663008.0,6669002.0,6674996.0,6680990.0,6686984.0,6692978.0,6698972.0,6704966.0,6710960.0,6714818.0,6718672.0,6722526.0,6726380.0,6730234.0,6734088.0,6737942.0,6741796.0,6745650.0,6749504.0,6753358.0,6757212.0,6760681.0,6764149.0,6767617.0,6771085.0,6774553.0,6778021.0,6781489.0,6784957.0,6788425.0,6791893.0,6795361.0,6798829.0,6801942.0,6805054.0,6808166.0,6811278.0,6814390.0,6817502.0,6820614.0,6823726.0,6826838.0,6829950.0,6833062.0,6836174.0,6839439.0,6842699.0,6845959.0,6849219.0,6852479.0,6855739.0,6858999.0,6862259.0,6865519.0,6868779.0,6872039.0,6875299.0,6878714.0,6882126.0,6885538.0,6888950.0,6892362.0,6895774.0,6899186.0,6902598.0,6906010.0,6909422.0,6912834.0,6916246.0,6919482.0,6922720.0,6925958.0,6929196.0,6932434.0,6935672.0,6938910.0,6942148.0,6945386.0,6948624.0,6951862.0,6955100.0,6958353.0,6961607.0,6964861.0,6968115.0,6971369.0,6974623.0,6977877.0,6981131.0,6984385.0,6987639.0,6990893.0,6994147.0,6997557.0,7000966.0,7004375.0,7007784.0,7011193.0,7014602.0,7018011.0,7021420.0,7024829.0,7028238.0,7031647.0,7035056.0,7038399.0,7041743.0,7045087.0,7048431.0,7051775.0,7055119.0,7058463.0,7061807.0,7065151.0,7068495.0,7071839.0,7075183.0,7078466.0,7081751.0,7085036.0,7088321.0,7091606.0,7094891.0,7098176.0,7101461.0,7104746.0,7108031.0,7111316.0,7114601.0,7117820.0,7121042.0,7124264.0,7127486.0,7130708.0,7133930.0,7137152.0,7140374.0,7143596.0,7146818.0,7150040.0,7153262.0
22 Piaui,2926716.0,2929851.0,2932986.0,2936121.0,2939256.0,2942391.0,2945526.0,2948661.0,2951796.0,2954931.0,2958066.0,2961201.0,2964048.0,2966891.0,2969734.0,2972577.0,2975420.0,2978263.0,2981106.0,2983949.0,2986792.0,2989635.0,2992478.0,2995321.0,2997792.0,3000264.0,3002736.0,3005208.0,3007680.0,3010152.0,3012624.0,3015096.0,3017568.0,3020040.0,3022512.0,3024984.0,3027298.0,3029611.0,3031924.0,3034237.0,3036550.0,3038863.0,3041176.0,3043489.0,3045802.0,3048115.0,3050428.0,3052741.0,3055063.0,3057390.0,3059717.0,3062044.0,3064371.0,3066698.0,3069025.0,3071352.0,3073679.0,3076006.0,3078333.0,3080660.0,3082877.0,3085097.0,3087317.0,3089537.0,3091757.0,3093977.0,3096197.0,3098417.0,3100637.0,3102857.0,3105077.0,3107297.0,3109313.0,3111331.0,3113349.0,3115367.0,3117385.0,3119403.0,3121421.0,3123439.0,3125457.0,3127475.0,3129493.0,3131511.0,3133379.0,3135253.0,3137127.0,3139001.0,3140875.0,3142749.0,3144623.0,3146497.0,3148371.0,3150245.0,3152119.0,3153993.0,3155688.0,3157386.0,3159084.0,3160782.0,3162480.0,3164178.0,3165876.0,3167574.0,3169272.0,3170970.0,3172668.0,3174366.0,3175953.0,3177539.0,3179125.0,3180711.0,3182297.0,3183883.0,3185469.0,3187055.0,3188641.0,3190227.0,3191813.0,3193399.0,3194248.0,3195101.0,3195954.0,3196807.0,3197660.0,3198513.0,3199366.0,3200219.0,3201072.0,3201925.0,3202778.0,3203631.0,3204448.0,3205261.0,3206074.0,3206887.0,3207700.0,3208513.0,3209326.0,3210139.0,3210952.0,3211765.0,3212578.0,3213391.0,3214061.0,3214729.0,3215397.0,3216065.0,3216733.0,3217401.0,3218069.0,3218737.0,3219405.0,3220073.0,3220741.0,3221409.0,3222066.0,3222725.0,3223384.0,3224043.0,3224702.0,3225361.0,3226020.0,3226679.0,3227338.0,3227997.0,3228656.0,3229315.0,3230082.0,3230844.0,3231606.0,3232368.0,3233130.0,3233892.0,3234654.0,3235416.0,3236178.0,3236940.0,3237702.0,3238464.0,3239171.0,3239883.0,3240595.0,3241307.0,3242019.0,3242731.0,3243443.0,3244155.0,3244867.0,3245579.0,3246291.0,3247003.0,3247699.0,3248399.0,3249099.0,3249799.0,3250499.0,3251199.0,3251899.0,3252599.0,3253299.0,3253999.0,3254699.0,3255399.0,3256161.0,3256922.0,3257683.0,3258444.0,3259205.0,3259966.0,3260727.0,3261488.0,3262249.0,3263010.0,3263771.0,3264532.0,3265256.0,3265981.0,3266706.0,3267431.0,3268156.0,3268881.0,3269606.0,3270331.0,3271056.0,3271781.0,3272506.0,3273231.0,3273915.0,3274603.0,3275291.0,3275979.0,3276667.0,3277355.0,3278043.0,3278731.0,3279419.0,3280107.0,3280795.0,3281483.0,3282131.0,3282782.0,3283433.0,3284084.0,3284735.0,3285386.0,3286037.0,3286688.0,3287339.0,3287990.0,3288641.0,3289292.0
23 Ceara,7634602.0,7644397.0,7654192.0,7663987.0,7673782.0,7683577.0,7693372.0,7703167.0,7712962.0,7722757.0,7732552.0,7742347.0,7751637.0,7760929.0,7770221.0,7779513.0,7788805.0,7798097.0,7807389.0,7816681.0,7825973.0,7835265.0,7844557.0,7853849.0,7862598.0,7871343.0,7880088.0,7888833.0,7897578.0,7906323.0,7915068.0,7923813.0,7932558.0,7941303.0,7950048.0,7958793.0,7967060.0,7975324.0,7983588.0,7991852.0,8000116.0,8008380.0,8016644.0,8024908.0,8033172.0,8041436.0,8049700.0,8057964.0,8066205.0,8074444.0,8082683.0,8090922.0,8099161.0,8107400.0,8115639.0,8123878.0,8132117.0,8140356.0,8148595.0,8156834.0,8165022.0,8173213.0,8181404.0,8189595.0,8197786.0,8205977.0,8214168.0,8222359.0,8230550.0,8238741.0,8246932.0,8255123.0,8263000.0,8270882.0,8278764.0,8286646.0,8294528.0,8302410.0,8310292.0,8318174.0,8326056.0,8333938.0,8341820.0,8349702.0,8357492.0,8365280.0,8373068.0,8380856.0,8388644.0,8396432.0,8404220.0,8412008.0,8419796.0,8427584.0,8435372.0,8443160.0,8450798.0,8458441.0,8466084.0,8473727.0,8481370.0,8489013.0,8496656.0,8504299.0,8511942.0,8519585.0,8527228.0,8534871.0,8542217.0,8549562.0,8556907.0,8564252.0,8571597.0,8578942.0,8586287.0,8593632.0,8600977.0,8608322.0,8615667.0,8623012.0,8627832.0,8632650.0,8637468.0,8642286.0,8647104.0,8651922.0,8656740.0,8661558.0,8666376.0,8671194.0,8676012.0,8680830.0,8685540.0,8690244.0,8694948.0,8699652.0,8704356.0,8709060.0,8713764.0,8718468.0,8723172.0,8727876.0,8732580.0,8737284.0,8741834.0,8746381.0,8750928.0,8755475.0,8760022.0,8764569.0,8769116.0,8773663.0,8778210.0,8782757.0,8787304.0,8791851.0,8796381.0,8800916.0,8805451.0,8809986.0,8814521.0,8819056.0,8823591.0,8828126.0,8832661.0,8837196.0,8841731.0,8846266.0,8851120.0,8855973.0,8860826.0,8865679.0,8870532.0,8875385.0,8880238.0,8885091.0,8889944.0,8894797.0,8899650.0,8904503.0,8909296.0,8914093.0,8918890.0,8923687.0,8928484.0,8933281.0,8938078.0,8942875.0,8947672.0,8952469.0,8957266.0,8962063.0,8966724.0,8971385.0,8976046.0,8980707.0,8985368.0,8990029.0,8994690.0,8999351.0,9004012.0,9008673.0,9013334.0,9017995.0,9022795.0,9027600.0,9032405.0,9037210.0,9042015.0,9046820.0,9051625.0,9056430.0,9061235.0,9066040.0,9070845.0,9075650.0,9080351.0,9085053.0,9089755.0,9094457.0,9099159.0,9103861.0,9108563.0,9113265.0,9117967.0,9122669.0,9127371.0,9132073.0,9136663.0,9141248.0,9145833.0,9150418.0,9155003.0,9159588.0,9164173.0,9168758.0,9173343.0,9177928.0,9182513.0,9187098.0,9191559.0,9196015.0,9200471.0,9204927.0,9209383.0,9213839.0,9218295.0,9222751.0,9227207.0,9231663.0,9236119.0,9240575.0
24 Rio Grande do Norte,2856663.0,2860291.0,2863919.0,2867547.0,2871175.0,2874803.0,2878431.0,2882059.0,2885687.0,2889315.0,2892943.0,2896571.0,2900010.0,2903451.0,2906892.0,2910333.0,2913774.0,2917215.0,2920656.0,2924097.0,2927538.0,2930979.0,2934420.0,2937861.0,2941194.0,2944530.0,2947866.0,2951202.0,2954538.0,2957874.0,2961210.0,2964546.0,2967882.0,2971218.0,2974554.0,2977890.0,2981132.0,2984369.0,2987606.0,2990843.0,2994080.0,2997317.0,3000554.0,3003791.0,3007028.0,3010265.0,3013502.0,3016739.0,3020012.0,3023286.0,3026560.0,3029834.0,3033108.0,3036382.0,3039656.0,3042930.0,3046204.0,3049478.0,3052752.0,3056026.0,3059246.0,3062467.0,3065688.0,3068909.0,3072130.0,3075351.0,3078572.0,3081793.0,3085014.0,3088235.0,3091456.0,3094677.0,3097704.0,3100726.0,3103748.0,3106770.0,3109792.0,3112814.0,3115836.0,3118858.0,3121880.0,3124902.0,3127924.0,3130946.0,3133985.0,3137027.0,3140069.0,3143111.0,3146153.0,3149195.0,3152237.0,3155279.0,3158321.0,3161363.0,3164405.0,3167447.0,3170545.0,3173642.0,3176739.0,3179836.0,3182933.0,3186030.0,3189127.0,3192224.0,3195321.0,3198418.0,3201515.0,3204612.0,3207554.0,3210498.0,3213442.0,3216386.0,3219330.0,3222274.0,3225218.0,3228162.0,3231106.0,3234050.0,3236994.0,3239938.0,3242562.0,3245185.0,3247808.0,3250431.0,3253054.0,3255677.0,3258300.0,3260923.0,3263546.0,3266169.0,3268792.0,3271415.0,3274024.0,3276633.0,3279242.0,3281851.0,3284460.0,3287069.0,3289678.0,3292287.0,3294896.0,3297505.0,3300114.0,3302723.0,3305239.0,3307758.0,3310277.0,3312796.0,3315315.0,3317834.0,3320353.0,3322872.0,3325391.0,3327910.0,3330429.0,3332948.0,3335463.0,3337974.0,3340485.0,3342996.0,3345507.0,3348018.0,3350529.0,3353040.0,3355551.0,3358062.0,3360573.0,3363084.0,3365645.0,3368206.0,3370767.0,3373328.0,3375889.0,3378450.0,3381011.0,3383572.0,3386133.0,3388694.0,3391255.0,3393816.0,3396233.0,3398652.0,3401071.0,3403490.0,3405909.0,3408328.0,3410747.0,3413166.0,3415585.0,3418004.0,3420423.0,3422842.0,3425162.0,3427481.0,3429800.0,3432119.0,3434438.0,3436757.0,3439076.0,3441395.0,3443714.0,3446033.0,3448352.0,3450671.0,3453031.0,3455393.0,3457755.0,3460117.0,3462479.0,3464841.0,3467203.0,3469565.0,3471927.0,3474289.0,3476651.0,3479013.0,3481330.0,3483650.0,3485970.0,3488290.0,3490610.0,3492930.0,3495250.0,3497570.0,3499890.0,3502210.0,3504530.0,3506850.0,3509129.0,3511405.0,3513681.0,3515957.0,3518233.0,3520509.0,3522785.0,3525061.0,3527337.0,3529613.0,3531889.0,3534165.0,3536393.0,3538621.0,3540849.0,3543077.0,3545305.0,3547533.0,3549761.0,3551989.0,3554217.0,3556445.0,3558673.0,3560901.0
25 Paraiba,3532043.0,3535222.0,3538401.0,3541580.0,3544759.0,3547938.0,3551117.0,3554296.0,3557475.0,3560654.0,3563833.0,3567012.0,3570026.0,3573045.0,3576064.0,3579083.0,3582102.0,3585121.0,3588140.0,3591159.0,3594178.0,3597197.0,3600216.0,3603235.0,3606063.0,3608889.0,3611715.0,3614541.0,3617367.0,3620193.0,3623019.0,3625845.0,3628671.0,3631497.0,3634323.0,3637149.0,3639840.0,3642527.0,3645214.0,3647901.0,3650588.0,3653275.0,3655962.0,3658649.0,3661336.0,3664023.0,3666710.0,3669397.0,3672057.0,3674714.0,3677371.0,3680028.0,3682685.0,3685342.0,3687999.0,3690656.0,3693313.0,3695970.0,3698627.0,3701284.0,3703870.0,3706457.0,3709044.0,3711631.0,3714218.0,3716805.0,3719392.0,3721979.0,3724566.0,3727153.0,3729740.0,3732327.0,3734694.0,3737061.0,3739428.0,3741795.0,3744162.0,3746529.0,3748896.0,3751263.0,3753630.0,3755997.0,3758364.0,3760731.0,3763048.0,3765363.0,3767678.0,3769993.0,3772308.0,3774623.0,3776938.0,3779253.0,3781568.0,3783883.0,3786198.0,3788513.0,3790776.0,3793034.0,3795292.0,3797550.0,3799808.0,3802066.0,3804324.0,3806582.0,3808840.0,3811098.0,3813356.0,3815614.0,3817714.0,3819812.0,3821910.0,3824008.0,3826106.0,3828204.0,3830302.0,3832400.0,3834498.0,3836596.0,3838694.0,3840792.0,3842381.0,3843966.0,3845551.0,3847136.0,3848721.0,3850306.0,3851891.0,3853476.0,3855061.0,3856646.0,3858231.0,3859816.0,3861110.0,3862407.0,3863704.0,3865001.0,3866298.0,3867595.0,3868892.0,3870189.0,3871486.0,3872783.0,3874080.0,3875377.0,3876633.0,3877893.0,3879153.0,3880413.0,3881673.0,3882933.0,3884193.0,3885453.0,3886713.0,3887973.0,3889233.0,3890493.0,3892124.0,3893754.0,3895384.0,3897014.0,3898644.0,3900274.0,3901904.0,3903534.0,3905164.0,3906794.0,3908424.0,3910054.0,3911932.0,3913805.0,3915678.0,3917551.0,3919424.0,3921297.0,3923170.0,3925043.0,3926916.0,3928789.0,3930662.0,3932535.0,3934300.0,3936063.0,3937826.0,3939589.0,3941352.0,3943115.0,3944878.0,3946641.0,3948404.0,3950167.0,3951930.0,3953693.0,3955422.0,3957151.0,3958880.0,3960609.0,3962338.0,3964067.0,3965796.0,3967525.0,3969254.0,3970983.0,3972712.0,3974441.0,3976275.0,3978113.0,3979951.0,3981789.0,3983627.0,3985465.0,3987303.0,3989141.0,3990979.0,3992817.0,3994655.0,3996493.0,3998299.0,4000102.0,4001905.0,4003708.0,4005511.0,4007314.0,4009117.0,4010920.0,4012723.0,4014526.0,4016329.0,4018132.0,4019889.0,4021651.0,4023413.0,4025175.0,4026937.0,4028699.0,4030461.0,4032223.0,4033985.0,4035747.0,4037509.0,4039271.0,4040996.0,4042715.0,4044434.0,4046153.0,4047872.0,4049591.0,4051310.0,4053029.0,4054748.0,4056467.0,4058186.0,4059905.0
26 Pernambuco,8125289.0,8133744.0,8142199.0,8150654.0,8159109.0,8167564.0,8176019.0,8184474.0,8192929.0,8201384.0,8209839.0,8218294.0,8226196.0,8234101.0,8242006.0,8249911.0,8257816.0,8265721.0,8273626.0,8281531.0,8289436.0,8297341.0,8305246.0,8313151.0,8320843.0,8328536.0,8336229.0,8343922.0,8351615.0,8359308.0,8367001.0,8374694.0,8382387.0,8390080.0,8397773.0,8405466.0,8413001.0,8420535.0,8428069.0,8435603.0,8443137.0,8450671.0,8458205.0,8465739.0,8473273.0,8480807.0,8488341.0,8495875.0,8503233.0,8510592.0,8517951.0,8525310.0,8532669.0,8540028.0,8547387.0,8554746.0,8562105.0,8569464.0,8576823.0,8584182.0,8591439.0,8598695.0,8605951.0,8613207.0,8620463.0,8627719.0,8634975.0,8642231.0,8649487.0,8656743.0,8663999.0,8671255.0,8678193.0,8685127.0,8692061.0,8698995.0,8705929.0,8712863.0,8719797.0,8726731.0,8733665.0,8740599.0,8747533.0,8754467.0,8761416.0,8768369.0,8775322.0,8782275.0,8789228.0,8796181.0,8803134.0,8810087.0,8817040.0,8823993.0,8830946.0,8837899.0,8844857.0,8851820.0,8858783.0,8865746.0,8872709.0,8879672.0,8886635.0,8893598.0,8900561.0,8907524.0,8914487.0,8921450.0,8928040.0,8934625.0,8941210.0,8947795.0,8954380.0,8960965.0,8967550.0,8974135.0,8980720.0,8987305.0,8993890.0,9000475.0,9005584.0,9010697.0,9015810.0,9020923.0,9026036.0,9031149.0,9036262.0,9041375.0,9046488.0,9051601.0,9056714.0,9061827.0,9067172.0,9072522.0,9077872.0,9083222.0,9088572.0,9093922.0,9099272.0,9104622.0,9109972.0,9115322.0,9120672.0,9126022.0,9131278.0,9136533.0,9141788.0,9147043.0,9152298.0,9157553.0,9162808.0,9168063.0,9173318.0,9178573.0,9183828.0,9189083.0,9194331.0,9199575.0,9204819.0,9210063.0,9215307.0,9220551.0,9225795.0,9231039.0,9236283.0,9241527.0,9246771.0,9252015.0,9257461.0,9262902.0,9268343.0,9273784.0,9279225.0,9284666.0,9290107.0,9295548.0,9300989.0,9306430.0,9311871.0,9317312.0,9322285.0,9327253.0,9332221.0,9337189.0,9342157.0,9347125.0,9352093.0,9357061.0,9362029.0,9366997.0,9371965.0,9376933.0,9381725.0,9386514.0,9391303.0,9396092.0,9400881.0,9405670.0,9410459.0,9415248.0,9420037.0,9424826.0,9429615.0,9434404.0,9439561.0,9444719.0,9449877.0,9455035.0,9460193.0,9465351.0,9470509.0,9475667.0,9480825.0,9485983.0,9491141.0,9496299.0,9501359.0,9506424.0,9511489.0,9516554.0,9521619.0,9526684.0,9531749.0,9536814.0,9541879.0,9546944.0,9552009.0,9557074.0,9562033.0,9566995.0,9571957.0,9576919.0,9581881.0,9586843.0,9591805.0,9596767.0,9601729.0,9606691.0,9611653.0,9616615.0,9621469.0,9626317.0,9631165.0,9636013.0,9640861.0,9645709.0,9650557.0,9655405.0,9660253.0,9665101.0,9669949.0,9674797.0
27 Alagoas,2891768.0,2894980.0,2898192.0,2901404.0,2904616.0,2907828.0,2911040.0,2914252.0,2917464.0,2920676.0,2923888.0,2927100.0,2930190.0,2933284.0,2936378.0,2939472.0,2942566.0,2945660.0,2948754.0,2951848.0,2954942.0,2958036.0,2961130.0,2964224.0,2967139.0,2970060.0,2972981.0,2975902.0,2978823.0,2981744.0,2984665.0,2987586.0,2990507.0,2993428.0,2996349.0,2999270.0,3001959.0,3004652.0,3007345.0,3010038.0,3012731.0,3015424.0,3018117.0,3020810.0,3023503.0,3026196.0,3028889.0,3031582.0,3034152.0,3036718.0,3039284.0,3041850.0,3044416.0,3046982.0,3049548.0,3052114.0,3054680.0,3057246.0,3059812.0,3062378.0,3064855.0,3067335.0,3069815.0,3072295.0,3074775.0,3077255.0,3079735.0,3082215.0,3084695.0,3087175.0,3089655.0,3092135.0,3094425.0,3096719.0,3099013.0,3101307.0,3103601.0,3105895.0,3108189.0,3110483.0,3112777.0,3115071.0,3117365.0,3119659.0,3121926.0,3124199.0,3126472.0,3128745.0,3131018.0,3133291.0,3135564.0,3137837.0,3140110.0,3142383.0,3144656.0,3146929.0,3149070.0,3151209.0,3153348.0,3155487.0,3157626.0,3159765.0,3161904.0,3164043.0,3166182.0,3168321.0,3170460.0,3172599.0,3174556.0,3176517.0,3178478.0,3180439.0,3182400.0,3184361.0,3186322.0,3188283.0,3190244.0,3192205.0,3194166.0,3196127.0,3197613.0,3199104.0,3200595.0,3202086.0,3203577.0,3205068.0,3206559.0,3208050.0,3209541.0,3211032.0,3212523.0,3214014.0,3215453.0,3216893.0,3218333.0,3219773.0,3221213.0,3222653.0,3224093.0,3225533.0,3226973.0,3228413.0,3229853.0,3231293.0,3232676.0,3234064.0,3235452.0,3236840.0,3238228.0,3239616.0,3241004.0,3242392.0,3243780.0,3245168.0,3246556.0,3247944.0,3249278.0,3250612.0,3251946.0,3253280.0,3254614.0,3255948.0,3257282.0,3258616.0,3259950.0,3261284.0,3262618.0,3263952.0,3265255.0,3266564.0,3267873.0,3269182.0,3270491.0,3271800.0,3273109.0,3274418.0,3275727.0,3277036.0,3278345.0,3279654.0,3280850.0,3282051.0,3283252.0,3284453.0,3285654.0,3286855.0,3288056.0,3289257.0,3290458.0,3291659.0,3292860.0,3294061.0,3295220.0,3296379.0,3297538.0,3298697.0,3299856.0,3301015.0,3302174.0,3303333.0,3304492.0,3305651.0,3306810.0,3307969.0,3309206.0,3310444.0,3311682.0,3312920.0,3314158.0,3315396.0,3316634.0,3317872.0,3319110.0,3320348.0,3321586.0,3322824.0,3324031.0,3325242.0,3326453.0,3327664.0,3328875.0,3330086.0,3331297.0,3332508.0,3333719.0,3334930.0,3336141.0,3337352.0,3338539.0,3339721.0,3340903.0,3342085.0,3343267.0,3344449.0,3345631.0,3346813.0,3347995.0,3349177.0,3350359.0,3351541.0,3352694.0,3353845.0,3354996.0,3356147.0,3357298.0,3358449.0,3359600.0,3360751.0,3361902.0,3363053.0,3364204.0,3365355.0
28 Sergipe,1833732.0,1836365.0,1838998.0,1841631.0,1844264.0,1846897.0,1849530.0,1852163.0,1854796.0,1857429.0,1860062.0,1862695.0,1865115.0,1867534.0,1869953.0,1872372.0,1874791.0,1877210.0,1879629.0,1882048.0,1884467.0,1886886.0,1889305.0,1891724.0,1894092.0,1896456.0,1898820.0,1901184.0,1903548.0,1905912.0,1908276.0,1910640.0,1913004.0,1915368.0,1917732.0,1920096.0,1922404.0,1924715.0,1927026.0,1929337.0,1931648.0,1933959.0,1936270.0,1938581.0,1940892.0,1943203.0,1945514.0,1947825.0,1950109.0,1952395.0,1954681.0,1956967.0,1959253.0,1961539.0,1963825.0,1966111.0,1968397.0,1970683.0,1972969.0,1975255.0,1977578.0,1979899.0,1982220.0,1984541.0,1986862.0,1989183.0,1991504.0,1993825.0,1996146.0,1998467.0,2000788.0,2003109.0,2005348.0,2007591.0,2009834.0,2012077.0,2014320.0,2016563.0,2018806.0,2021049.0,2023292.0,2025535.0,2027778.0,2030021.0,2032241.0,2034461.0,2036681.0,2038901.0,2041121.0,2043341.0,2045561.0,2047781.0,2050001.0,2052221.0,2054441.0,2056661.0,2058855.0,2061053.0,2063251.0,2065449.0,2067647.0,2069845.0,2072043.0,2074241.0,2076439.0,2078637.0,2080835.0,2083033.0,2085126.0,2087217.0,2089308.0,2091399.0,2093490.0,2095581.0,2097672.0,2099763.0,2101854.0,2103945.0,2106036.0,2108127.0,2109975.0,2111820.0,2113665.0,2115510.0,2117355.0,2119200.0,2121045.0,2122890.0,2124735.0,2126580.0,2128425.0,2130270.0,2132090.0,2133914.0,2135738.0,2137562.0,2139386.0,2141210.0,2143034.0,2144858.0,2146682.0,2148506.0,2150330.0,2152154.0,2153927.0,2155702.0,2157477.0,2159252.0,2161027.0,2162802.0,2164577.0,2166352.0,2168127.0,2169902.0,2171677.0,2173452.0,2175234.0,2177016.0,2178798.0,2180580.0,2182362.0,2184144.0,2185926.0,2187708.0,2189490.0,2191272.0,2193054.0,2194836.0,2196633.0,2198436.0,2200239.0,2202042.0,2203845.0,2205648.0,2207451.0,2209254.0,2211057.0,2212860.0,2214663.0,2216466.0,2218174.0,2219880.0,2221586.0,2223292.0,2224998.0,2226704.0,2228410.0,2230116.0,2231822.0,2233528.0,2235234.0,2236940.0,2238616.0,2240294.0,2241972.0,2243650.0,2245328.0,2247006.0,2248684.0,2250362.0,2252040.0,2253718.0,2255396.0,2257074.0,2258821.0,2260574.0,2262327.0,2264080.0,2265833.0,2267586.0,2269339.0,2271092.0,2272845.0,2274598.0,2276351.0,2278104.0,2279822.0,2281538.0,2283254.0,2284970.0,2286686.0,2288402.0,2290118.0,2291834.0,2293550.0,2295266.0,2296982.0,2298698.0,2300373.0,2302050.0,2303727.0,2305404.0,2307081.0,2308758.0,2310435.0,2312112.0,2313789.0,2315466.0,2317143.0,2318820.0,2320460.0,2322098.0,2323736.0,2325374.0,2327012.0,2328650.0,2330288.0,2331926.0,2333564.0,2335202.0,2336840.0,2338478.0
29 Bahia,13397548.0,13407928.0,13418308.0,13428688.0,13439068.0,13449448.0,13459828.0,13470208.0,13480588.0,13490968.0,13501348.0,13511728.0,13521196.0,13530665.0,13540134.0,13549603.0,13559072.0,13568541.0,13578010.0,13587479.0,13596948.0,13606417.0,13615886.0,13625355.0,13634380.0,13643408.0,13652436.0,13661464.0,13670492.0,13679520.0,13688548.0,13697576.0,13706604.0,13715632.0,13724660.0,13733688.0,13742078.0,13750469.0,13758860.0,13767251.0,13775642.0,13784033.0,13792424.0,13800815.0,13809206.0,13817597.0,13825988.0,13834379.0,13842110.0,13849839.0,13857568.0,13865297.0,13873026.0,13880755.0,13888484.0,13896213.0,13903942.0,13911671.0,13919400.0,13927129.0,13934085.0,13941038.0,13947991.0,13954944.0,13961897.0,13968850.0,13975803.0,13982756.0,13989709.0,13996662.0,14003615.0,14010568.0,14016912.0,14023258.0,14029604.0,14035950.0,14042296.0,14048642.0,14054988.0,14061334.0,14067680.0,14074026.0,14080372.0,14086718.0,14093018.0,14099318.0,14105618.0,14111918.0,14118218.0,14124518.0,14130818.0,14137118.0,14143418.0,14149718.0,14156018.0,14162318.0,14168454.0,14174589.0,14180724.0,14186859.0,14192994.0,14199129.0,14205264.0,14211399.0,14217534.0,14223669.0,14229804.0,14235939.0,14241503.0,14247070.0,14252637.0,14258204.0,14263771.0,14269338.0,14274905.0,14280472.0,14286039.0,14291606.0,14297173.0,14302740.0,14308607.0,14314476.0,14320345.0,14326214.0,14332083.0,14337952.0,14343821.0,14349690.0,14355559.0,14361428.0,14367297.0,14373166.0,14378880.0,14384592.0,14390304.0,14396016.0,14401728.0,14407440.0,14413152.0,14418864.0,14424576.0,14430288.0,14436000.0,14441712.0,14447000.0,14452292.0,14457584.0,14462876.0,14468168.0,14473460.0,14478752.0,14484044.0,14489336.0,14494628.0,14499920.0,14505212.0,14510278.0,14515343.0,14520408.0,14525473.0,14530538.0,14535603.0,14540668.0,14545733.0,14550798.0,14555863.0,14560928.0,14565993.0,14571260.0,14576528.0,14581796.0,14587064.0,14592332.0,14597600.0,14602868.0,14608136.0,14613404.0,14618672.0,14623940.0,14629208.0,14634263.0,14639319.0,14644375.0,14649431.0,14654487.0,14659543.0,14664599.0,14669655.0,14674711.0,14679767.0,14684823.0,14689879.0,14694894.0,14699910.0,14704926.0,14709942.0,14714958.0,14719974.0,14724990.0,14730006.0,14735022.0,14740038.0,14745054.0,14750070.0,14755295.0,14760524.0,14765753.0,14770982.0,14776211.0,14781440.0,14786669.0,14791898.0,14797127.0,14802356.0,14807585.0,14812814.0,14817839.0,14822859.0,14827879.0,14832899.0,14837919.0,14842939.0,14847959.0,14852979.0,14857999.0,14863019.0,14868039.0,14873059.0,14877862.0,14882660.0,14887458.0,14892256.0,14897054.0,14901852.0,14906650.0,14911448.0,14916246.0,14921044.0,14925842.0,14930640.0,14935188.0,14939742.0,14944296.0,14948850.0,14953404.0,14957958.0,14962512.0,14967066.0,14971620.0,14976174.0,14980728.0,14985282.0
31 Minas Gerais,18368961.0,18386393.0,18403825.0,18421257.0,18438689.0,18456121.0,18473553.0,18490985.0,18508417.0,18525849.0,18543281.0,18560713.0,18576560.0,18592411.0,18608262.0,18624113.0,18639964.0,18655815.0,18671666.0,18687517.0,18703368.0,18719219.0,18735070.0,18750921.0,18765747.0,18780578.0,18795409.0,18810240.0,18825071.0,18839902.0,18854733.0,18869564.0,18884395.0,18899226.0,18914057.0,18928888.0,18942949.0,18957006.0,18971063.0,18985120.0,18999177.0,19013234.0,19027291.0,19041348.0,19055405.0,19069462.0,19083519.0,19097576.0,19110995.0,19124417.0,19137839.0,19151261.0,19164683.0,19178105.0,19191527.0,19204949.0,19218371.0,19231793.0,19245215.0,19258637.0,19271351.0,19284061.0,19296771.0,19309481.0,19322191.0,19334901.0,19347611.0,19360321.0,19373031.0,19385741.0,19398451.0,19411161.0,19422848.0,19434529.0,19446210.0,19457891.0,19469572.0,19481253.0,19492934.0,19504615.0,19516296.0,19527977.0,19539658.0,19551339.0,19562860.0,19574382.0,19585904.0,19597426.0,19608948.0,19620470.0,19631992.0,19643514.0,19655036.0,19666558.0,19678080.0,19689602.0,19700996.0,19712394.0,19723792.0,19735190.0,19746588.0,19757986.0,19769384.0,19780782.0,19792180.0,19803578.0,19814976.0,19826374.0,19837298.0,19848220.0,19859142.0,19870064.0,19880986.0,19891908.0,19902830.0,19913752.0,19924674.0,19935596.0,19946518.0,19957440.0,19969004.0,19980564.0,19992124.0,20003684.0,20015244.0,20026804.0,20038364.0,20049924.0,20061484.0,20073044.0,20084604.0,20096164.0,20107750.0,20119337.0,20130924.0,20142511.0,20154098.0,20165685.0,20177272.0,20188859.0,20200446.0,20212033.0,20223620.0,20235207.0,20246548.0,20257892.0,20269236.0,20280580.0,20291924.0,20303268.0,20314612.0,20325956.0,20337300.0,20348644.0,20359988.0,20371332.0,20382770.0,20394212.0,20405654.0,20417096.0,20428538.0,20439980.0,20451422.0,20462864.0,20474306.0,20485748.0,20497190.0,20508632.0,20520327.0,20532023.0,20543719.0,20555415.0,20567111.0,20578807.0,20590503.0,20602199.0,20613895.0,20625591.0,20637287.0,20648983.0,20659918.0,20670858.0,20681798.0,20692738.0,20703678.0,20714618.0,20725558.0,20736498.0,20747438.0,20758378.0,20769318.0,20780258.0,20790961.0,20801658.0,20812355.0,20823052.0,20833749.0,20844446.0,20855143.0,20865840.0,20876537.0,20887234.0,20897931.0,20908628.0,20919631.0,20930634.0,20941637.0,20952640.0,20963643.0,20974646.0,20985649.0,20996652.0,21007655.0,21018658.0,21029661.0,21040664.0,21051339.0,21062016.0,21072693.0,21083370.0,21094047.0,21104724.0,21115401.0,21126078.0,21136755.0,21147432.0,21158109.0,21168786.0,21179114.0,21189437.0,21199760.0,21210083.0,21220406.0,21230729.0,21241052.0,21251375.0,21261698.0,21272021.0,21282344.0,21292667.0,21302604.0,21312542.0,21322480.0,21332418.0,21342356.0,21352294.0,21362232.0,21372170.0,21382108.0,21392046.0,21401984.0,21411922.0
32 Espirito Santo,3177801.0,3181742.0,3185683.0,3189624.0,3193565.0,3197506.0,3201447.0,3205388.0,3209329.0,3213270.0,3217211.0,3221152.0,3224879.0,3228609.0,3232339.0,3236069.0,3239799.0,3243529.0,3247259.0,3250989.0,3254719.0,3258449.0,3262179.0,3265909.0,3269554.0,3273203.0,3276852.0,3280501.0,3284150.0,3287799.0,3291448.0,3295097.0,3298746.0,3302395.0,3306044.0,3309693.0,3313284.0,3316875.0,3320466.0,3324057.0,3327648.0,3331239.0,3334830.0,3338421.0,3342012.0,3345603.0,3349194.0,3352785.0,3356278.0,3359775.0,3363272.0,3366769.0,3370266.0,3373763.0,3377260.0,3380757.0,3384254.0,3387751.0,3391248.0,3394745.0,3398131.0,3401515.0,3404899.0,3408283.0,3411667.0,3415051.0,3418435.0,3421819.0,3425203.0,3428587.0,3431971.0,3435355.0,3438624.0,3441892.0,3445160.0,3448428.0,3451696.0,3454964.0,3458232.0,3461500.0,3464768.0,3468036.0,3471304.0,3474572.0,3477928.0,3481278.0,3484628.0,3487978.0,3491328.0,3494678.0,3498028.0,3501378.0,3504728.0,3508078.0,3511428.0,3514778.0,3518184.0,3521595.0,3525006.0,3528417.0,3531828.0,3535239.0,3538650.0,3542061.0,3545472.0,3548883.0,3552294.0,3555705.0,3559066.0,3562429.0,3565792.0,3569155.0,3572518.0,3575881.0,3579244.0,3582607.0,3585970.0,3589333.0,3592696.0,3596059.0,3599935.0,3603813.0,3607691.0,3611569.0,3615447.0,3619325.0,3623203.0,3627081.0,3630959.0,3634837.0,3638715.0,3642593.0,3646491.0,3650387.0,3654283.0,3658179.0,3662075.0,3665971.0,3669867.0,3673763.0,3677659.0,3681555.0,3685451.0,3689347.0,3693267.0,3697187.0,3701107.0,3705027.0,3708947.0,3712867.0,3716787.0,3720707.0,3724627.0,3728547.0,3732467.0,3736387.0,3740384.0,3744382.0,3748380.0,3752378.0,3756376.0,3760374.0,3764372.0,3768370.0,3772368.0,3776366.0,3780364.0,3784362.0,3788400.0,3792439.0,3796478.0,3800517.0,3804556.0,3808595.0,3812634.0,3816673.0,3820712.0,3824751.0,3828790.0,3832829.0,3836705.0,3840584.0,3844463.0,3848342.0,3852221.0,3856100.0,3859979.0,3863858.0,3867737.0,3871616.0,3875495.0,3879374.0,3883206.0,3887036.0,3890866.0,3894696.0,3898526.0,3902356.0,3906186.0,3910016.0,3913846.0,3917676.0,3921506.0,3925336.0,3929262.0,3933183.0,3937104.0,3941025.0,3944946.0,3948867.0,3952788.0,3956709.0,3960630.0,3964551.0,3968472.0,3972393.0,3976243.0,3980098.0,3983953.0,3987808.0,3991663.0,3995518.0,3999373.0,4003228.0,4007083.0,4010938.0,4014793.0,4018648.0,4022434.0,4026218.0,4030002.0,4033786.0,4037570.0,4041354.0,4045138.0,4048922.0,4052706.0,4056490.0,4060274.0,4064058.0,4067757.0,4071462.0,4075167.0,4078872.0,4082577.0,4086282.0,4089987.0,4093692.0,4097397.0,4101102.0,4104807.0,4108512.0
33 Rio de Janeiro,14739277.0,14754672.0,14770067.0,14785462.0,14800857.0,14816252.0,14831647.0,14847042.0,14862437.0,14877832.0,14893227.0,14908622.0,14922805.0,14936988.0,14951171.0,14965354.0,14979537.0,14993720.0,15007903.0,15022086.0,15036269.0,15050452.0,15064635.0,15078818.0,15092413.0,15106008.0,15119603.0,15133198.0,15146793.0,15160388.0,15173983.0,15187578.0,15201173.0,15214768.0,15228363.0,15241958.0,15255373.0,15268791.0,15282209.0,15295627.0,15309045.0,15322463.0,15335881.0,15349299.0,15362717.0,15376135.0,15389553.0,15402971.0,15415959.0,15428953.0,15441947.0,15454941.0,15467935.0,15480929.0,15493923.0,15506917.0,15519911.0,15532905.0,15545899.0,15558893.0,15571365.0,15583843.0,15596321.0,15608799.0,15621277.0,15633755.0,15646233.0,15658711.0,15671189.0,15683667.0,15696145.0,15708623.0,15720792.0,15732955.0,15745118.0,15757281.0,15769444.0,15781607.0,15793770.0,15805933.0,15818096.0,15830259.0,15842422.0,15854585.0,15866910.0,15879240.0,15891570.0,15903900.0,15916230.0,15928560.0,15940890.0,15953220.0,15965550.0,15977880.0,15990210.0,16002540.0,16015128.0,16027719.0,16040310.0,16052901.0,16065492.0,16078083.0,16090674.0,16103265.0,16115856.0,16128447.0,16141038.0,16153629.0,16166097.0,16178560.0,16191023.0,16203486.0,16215949.0,16228412.0,16240875.0,16253338.0,16265801.0,16278264.0,16290727.0,16303190.0,16311715.0,16320242.0,16328769.0,16337296.0,16345823.0,16354350.0,16362877.0,16371404.0,16379931.0,16388458.0,16396985.0,16405512.0,16414268.0,16423028.0,16431788.0,16440548.0,16449308.0,16458068.0,16466828.0,16475588.0,16484348.0,16493108.0,16501868.0,16510628.0,16519437.0,16528247.0,16537057.0,16545867.0,16554677.0,16563487.0,16572297.0,16581107.0,16589917.0,16598727.0,16607537.0,16616347.0,16625497.0,16634650.0,16643803.0,16652956.0,16662109.0,16671262.0,16680415.0,16689568.0,16698721.0,16707874.0,16717027.0,16726180.0,16735764.0,16745344.0,16754924.0,16764504.0,16774084.0,16783664.0,16793244.0,16802824.0,16812404.0,16821984.0,16831564.0,16841144.0,16850021.0,16858904.0,16867787.0,16876670.0,16885553.0,16894436.0,16903319.0,16912202.0,16921085.0,16929968.0,16938851.0,16947734.0,16956382.0,16965026.0,16973670.0,16982314.0,16990958.0,16999602.0,17008246.0,17016890.0,17025534.0,17034178.0,17042822.0,17051466.0,17060506.0,17069547.0,17078588.0,17087629.0,17096670.0,17105711.0,17114752.0,17123793.0,17132834.0,17141875.0,17150916.0,17159957.0,17168709.0,17177458.0,17186207.0,17194956.0,17203705.0,17212454.0,17221203.0,17229952.0,17238701.0,17247450.0,17256199.0,17264948.0,17273380.0,17281817.0,17290254.0,17298691.0,17307128.0,17315565.0,17324002.0,17332439.0,17340876.0,17349313.0,17357750.0,17366187.0,17374286.0,17382383.0,17390480.0,17398577.0,17406674.0,17414771.0,17422868.0,17430965.0,17439062.0,17447159.0,17455256.0,17463353.0
35 Sao Paulo,37755959.0,37799080.0,37842201.0,37885322.0,37928443.0,37971564.0,38014685.0,38057806.0,38100927.0,38144048.0,38187169.0,38230290.0,38270642.0,38310998.0,38351354.0,38391710.0,38432066.0,38472422.0,38512778.0,38553134.0,38593490.0,38633846.0,38674202.0,38714558.0,38753308.0,38792064.0,38830820.0,38869576.0,38908332.0,38947088.0,38985844.0,39024600.0,39063356.0,39102112.0,39140868.0,39179624.0,39217951.0,39256284.0,39294617.0,39332950.0,39371283.0,39409616.0,39447949.0,39486282.0,39524615.0,39562948.0,39601281.0,39639614.0,39677805.0,39715997.0,39754189.0,39792381.0,39830573.0,39868765.0,39906957.0,39945149.0,39983341.0,40021533.0,40059725.0,40097917.0,40135026.0,40172129.0,40209232.0,40246335.0,40283438.0,40320541.0,40357644.0,40394747.0,40431850.0,40468953.0,40506056.0,40543159.0,40579082.0,40615009.0,40650936.0,40686863.0,40722790.0,40758717.0,40794644.0,40830571.0,40866498.0,40902425.0,40938352.0,40974279.0,41010701.0,41047126.0,41083551.0,41119976.0,41156401.0,41192826.0,41229251.0,41265676.0,41302101.0,41338526.0,41374951.0,41411376.0,41448513.0,41485651.0,41522789.0,41559927.0,41597065.0,41634203.0,41671341.0,41708479.0,41745617.0,41782755.0,41819893.0,41857031.0,41893855.0,41930678.0,41967501.0,42004324.0,42041147.0,42077970.0,42114793.0,42151616.0,42188439.0,42225262.0,42262085.0,42298908.0,42332946.0,42366986.0,42401026.0,42435066.0,42469106.0,42503146.0,42537186.0,42571226.0,42605266.0,42639306.0,42673346.0,42707386.0,42741755.0,42776127.0,42810499.0,42844871.0,42879243.0,42913615.0,42947987.0,42982359.0,43016731.0,43051103.0,43085475.0,43119847.0,43153913.0,43187985.0,43222057.0,43256129.0,43290201.0,43324273.0,43358345.0,43392417.0,43426489.0,43460561.0,43494633.0,43528705.0,43562795.0,43596882.0,43630969.0,43665056.0,43699143.0,43733230.0,43767317.0,43801404.0,43835491.0,43869578.0,43903665.0,43937752.0,43972634.0,44007513.0,44042392.0,44077271.0,44112150.0,44147029.0,44181908.0,44216787.0,44251666.0,44286545.0,44321424.0,44356303.0,44389971.0,44423638.0,44457305.0,44490972.0,44524639.0,44558306.0,44591973.0,44625640.0,44659307.0,44692974.0,44726641.0,44760308.0,44792747.0,44825189.0,44857631.0,44890073.0,44922515.0,44954957.0,44987399.0,45019841.0,45052283.0,45084725.0,45117167.0,45149609.0,45182047.0,45214491.0,45246935.0,45279379.0,45311823.0,45344267.0,45376711.0,45409155.0,45441599.0,45474043.0,45506487.0,45538931.0,45570612.0,45602288.0,45633964.0,45665640.0,45697316.0,45728992.0,45760668.0,45792344.0,45824020.0,45855696.0,45887372.0,45919048.0,45949906.0,45980763.0,46011620.0,46042477.0,46073334.0,46104191.0,46135048.0,46165905.0,46196762.0,46227619.0,46258476.0,46289333.0,46319316.0,46349299.0,46379282.0,46409265.0,46439248.0,46469231.0,46499214.0,46529197.0,46559180.0,46589163.0,46619146.0,46649129.0
41 Parana,9782684.0,9791929.0,9801174.0,9810419.0,9819664.0,9828909.0,9838154.0,9847399.0,9856644.0,9865889.0,9875134.0,9884379.0,9892762.0,9901150.0,9909538.0,9917926.0,9926314.0,9934702.0,9943090.0,9951478.0,9959866.0,9968254.0,9976642.0,9985030.0,9992756.0,10000484.0,10008212.0,10015940.0,10023668.0,10031396.0,10039124.0,10046852.0,10054580.0,10062308.0,10070036.0,10077764.0,10085032.0,10092298.0,10099564.0,10106830.0,10114096.0,10121362.0,10128628.0,10135894.0,10143160.0,10150426.0,10157692.0,10164958.0,10172239.0,10179522.0,10186805.0,10194088.0,10201371.0,10208654.0,10215937.0,10223220.0,10230503.0,10237786.0,10245069.0,10252352.0,10259459.0,10266565.0,10273671.0,10280777.0,10287883.0,10294989.0,10302095.0,10309201.0,10316307.0,10323413.0,10330519.0,10337625.0,10344205.0,10350789.0,10357373.0,10363957.0,10370541.0,10377125.0,10383709.0,10390293.0,10396877.0,10403461.0,10410045.0,10416629.0,10423158.0,10429684.0,10436210.0,10442736.0,10449262.0,10455788.0,10462314.0,10468840.0,10475366.0,10481892.0,10488418.0,10494944.0,10501584.0,10508228.0,10514872.0,10521516.0,10528160.0,10534804.0,10541448.0,10548092.0,10554736.0,10561380.0,10568024.0,10574668.0,10581221.0,10587771.0,10594321.0,10600871.0,10607421.0,10613971.0,10620521.0,10627071.0,10633621.0,10640171.0,10646721.0,10653271.0,10660342.0,10667408.0,10674474.0,10681540.0,10688606.0,10695672.0,10702738.0,10709804.0,10716870.0,10723936.0,10731002.0,10738068.0,10745076.0,10752086.0,10759096.0,10766106.0,10773116.0,10780126.0,10787136.0,10794146.0,10801156.0,10808166.0,10815176.0,10822186.0,10829360.0,10836533.0,10843706.0,10850879.0,10858052.0,10865225.0,10872398.0,10879571.0,10886744.0,10893917.0,10901090.0,10908263.0,10915739.0,10923216.0,10930693.0,10938170.0,10945647.0,10953124.0,10960601.0,10968078.0,10975555.0,10983032.0,10990509.0,10997986.0,11005578.0,11013167.0,11020756.0,11028345.0,11035934.0,11043523.0,11051112.0,11058701.0,11066290.0,11073879.0,11081468.0,11089057.0,11096324.0,11103586.0,11110848.0,11118110.0,11125372.0,11132634.0,11139896.0,11147158.0,11154420.0,11161682.0,11168944.0,11176206.0,11183347.0,11190491.0,11197635.0,11204779.0,11211923.0,11219067.0,11226211.0,11233355.0,11240499.0,11247643.0,11254787.0,11261931.0,11269178.0,11276429.0,11283680.0,11290931.0,11298182.0,11305433.0,11312684.0,11319935.0,11327186.0,11334437.0,11341688.0,11348939.0,11356022.0,11363107.0,11370192.0,11377277.0,11384362.0,11391447.0,11398532.0,11405617.0,11412702.0,11419787.0,11426872.0,11433957.0,11440864.0,11447771.0,11454678.0,11461585.0,11468492.0,11475399.0,11482306.0,11489213.0,11496120.0,11503027.0,11509934.0,11516841.0,11523560.0,11530280.0,11537000.0,11543720.0,11550440.0,11557160.0,11563880.0,11570600.0,11577320.0,11584040.0,11590760.0,11597480.0
42 Santa Catarina,5491484.0,5499317.0,5507150.0,5514983.0,5522816.0,5530649.0,5538482.0,5546315.0,5554148.0,5561981.0,5569814.0,5577647.0,5585050.0,5592458.0,5599866.0,5607274.0,5614682.0,5622090.0,5629498.0,5636906.0,5644314.0,5651722.0,5659130.0,5666538.0,5673746.0,5680954.0,5688162.0,5695370.0,5702578.0,5709786.0,5716994.0,5724202.0,5731410.0,5738618.0,5745826.0,5753034.0,5760269.0,5767505.0,5774741.0,5781977.0,5789213.0,5796449.0,5803685.0,5810921.0,5818157.0,5825393.0,5832629.0,5839865.0,5847197.0,5854534.0,5861871.0,5869208.0,5876545.0,5883882.0,5891219.0,5898556.0,5905893.0,5913230.0,5920567.0,5927904.0,5935131.0,5942356.0,5949581.0,5956806.0,5964031.0,5971256.0,5978481.0,5985706.0,5992931.0,6000156.0,6007381.0,6014606.0,6021586.0,6028571.0,6035556.0,6042541.0,6049526.0,6056511.0,6063496.0,6070481.0,6077466.0,6084451.0,6091436.0,6098421.0,6105439.0,6112460.0,6119481.0,6126502.0,6133523.0,6140544.0,6147565.0,6154586.0,6161607.0,6168628.0,6175649.0,6182670.0,6189801.0,6196937.0,6204073.0,6211209.0,6218345.0,6225481.0,6232617.0,6239753.0,6246889.0,6254025.0,6261161.0,6268297.0,6275362.0,6282425.0,6289488.0,6296551.0,6303614.0,6310677.0,6317740.0,6324803.0,6331866.0,6338929.0,6345992.0,6353055.0,6360423.0,6367791.0,6375159.0,6382527.0,6389895.0,6397263.0,6404631.0,6411999.0,6419367.0,6426735.0,6434103.0,6441471.0,6448924.0,6456380.0,6463836.0,6471292.0,6478748.0,6486204.0,6493660.0,6501116.0,6508572.0,6516028.0,6523484.0,6530940.0,6538380.0,6545817.0,6553254.0,6560691.0,6568128.0,6575565.0,6583002.0,6590439.0,6597876.0,6605313.0,6612750.0,6620187.0,6627683.0,6635180.0,6642677.0,6650174.0,6657671.0,6665168.0,6672665.0,6680162.0,6687659.0,6695156.0,6702653.0,6710150.0,6717833.0,6725512.0,6733191.0,6740870.0,6748549.0,6756228.0,6763907.0,6771586.0,6779265.0,6786944.0,6794623.0,6802302.0,6809952.0,6817598.0,6825244.0,6832890.0,6840536.0,6848182.0,6855828.0,6863474.0,6871120.0,6878766.0,6886412.0,6894058.0,6901616.0,6909174.0,6916732.0,6924290.0,6931848.0,6939406.0,6946964.0,6954522.0,6962080.0,6969638.0,6977196.0,6984754.0,6992311.0,6999873.0,7007435.0,7014997.0,7022559.0,7030121.0,7037683.0,7045245.0,7052807.0,7060369.0,7067931.0,7075493.0,7082935.0,7090376.0,7097817.0,7105258.0,7112699.0,7120140.0,7127581.0,7135022.0,7142463.0,7149904.0,7157345.0,7164786.0,7172098.0,7179408.0,7186718.0,7194028.0,7201338.0,7208648.0,7215958.0,7223268.0,7230578.0,7237888.0,7245198.0,7252508.0,7259666.0,7266830.0,7273994.0,7281158.0,7288322.0,7295486.0,7302650.0,7309814.0,7316978.0,7324142.0,7331306.0,7338470.0
43 Rio Grande do Sul,10381236.0,10388166.0,10395096.0,10402026.0,10408956.0,10415886.0,10422816.0,10429746.0,10436676.0,10443606.0,10450536.0,10457466.0,10463288.0,10469107.0,10474926.0,10480745.0,10486564.0,10492383.0,10498202.0,10504021.0,10509840.0,10515659.0,10521478.0,10527297.0,10532384.0,10537467.0,10542550.0,10547633.0,10552716.0,10557799.0,10562882.0,10567965.0,10573048.0,10578131.0,10583214.0,10588297.0,10593166.0,10598036.0,10602906.0,10607776.0,10612646.0,10617516.0,10622386.0,10627256.0,10632126.0,10636996.0,10641866.0,10646736.0,10651459.0,10656185.0,10660911.0,10665637.0,10670363.0,10675089.0,10679815.0,10684541.0,10689267.0,10693993.0,10698719.0,10703445.0,10707579.0,10711709.0,10715839.0,10719969.0,10724099.0,10728229.0,10732359.0,10736489.0,10740619.0,10744749.0,10748879.0,10753009.0,10756433.0,10759855.0,10763277.0,10766699.0,10770121.0,10773543.0,10776965.0,10780387.0,10783809.0,10787231.0,10790653.0,10794075.0,10797388.0,10800707.0,10804026.0,10807345.0,10810664.0,10813983.0,10817302.0,10820621.0,10823940.0,10827259.0,10830578.0,10833897.0,10837365.0,10840830.0,10844295.0,10847760.0,10851225.0,10854690.0,10858155.0,10861620.0,10865085.0,10868550.0,10872015.0,10875480.0,10878759.0,10882035.0,10885311.0,10888587.0,10891863.0,10895139.0,10898415.0,10901691.0,10904967.0,10908243.0,10911519.0,10914795.0,10918839.0,10922883.0,10926927.0,10930971.0,10935015.0,10939059.0,10943103.0,10947147.0,10951191.0,10955235.0,10959279.0,10963323.0,10967578.0,10971839.0,10976100.0,10980361.0,10984622.0,10988883.0,10993144.0,10997405.0,11001666.0,11005927.0,11010188.0,11014449.0,11018788.0,11023128.0,11027468.0,11031808.0,11036148.0,11040488.0,11044828.0,11049168.0,11053508.0,11057848.0,11062188.0,11066528.0,11070968.0,11075409.0,11079850.0,11084291.0,11088732.0,11093173.0,11097614.0,11102055.0,11106496.0,11110937.0,11115378.0,11119819.0,11124480.0,11129143.0,11133806.0,11138469.0,11143132.0,11147795.0,11152458.0,11157121.0,11161784.0,11166447.0,11171110.0,11175773.0,11180291.0,11184805.0,11189319.0,11193833.0,11198347.0,11202861.0,11207375.0,11211889.0,11216403.0,11220917.0,11225431.0,11229945.0,11234134.0,11238321.0,11242508.0,11246695.0,11250882.0,11255069.0,11259256.0,11263443.0,11267630.0,11271817.0,11276004.0,11280191.0,11284311.0,11288429.0,11292547.0,11296665.0,11300783.0,11304901.0,11309019.0,11313137.0,11317255.0,11321373.0,11325491.0,11329609.0,11333575.0,11337545.0,11341515.0,11345485.0,11349455.0,11353425.0,11357395.0,11361365.0,11365335.0,11369305.0,11373275.0,11377245.0,11381050.0,11384861.0,11388672.0,11392483.0,11396294.0,11400105.0,11403916.0,11407727.0,11411538.0,11415349.0,11419160.0,11422971.0,11426611.0,11430249.0,11433887.0,11437525.0,11441163.0,11444801.0,11448439.0,11452077.0,11455715.0,11459353.0,11462991.0,11466629.0
50 Mato Grosso do Sul,2135740.0,2138884.0,2142028.0,2145172.0,2148316.0,2151460.0,2154604.0,2157748.0,2160892.0,2164036.0,2167180.0,2170324.0,2173358.0,2176386.0,2179414.0,2182442.0,2185470.0,2188498.0,2191526.0,2194554.0,2197582.0,2200610.0,2203638.0,2206666.0,2209726.0,2212783.0,2215840.0,2218897.0,2221954.0,2225011.0,2228068.0,2231125.0,2234182.0,2237239.0,2240296.0,2243353.0,2246448.0,2249539.0,2252630.0,2255721.0,2258812.0,2261903.0,2264994.0,2268085.0,2271176.0,2274267.0,2277358.0,2280449.0,2283527.0,2286610.0,2289693.0,2292776.0,2295859.0,2298942.0,2302025.0,2305108.0,2308191.0,2311274.0,2314357.0,2317440.0,2320454.0,2323464.0,2326474.0,2329484.0,2332494.0,2335504.0,2338514.0,2341524.0,2344534.0,2347544.0,2350554.0,2353564.0,2356409.0,2359254.0,2362099.0,2364944.0,2367789.0,2370634.0,2373479.0,2376324.0,2379169.0,2382014.0,2384859.0,2387704.0,2390624.0,2393545.0,2396466.0,2399387.0,2402308.0,2405229.0,2408150.0,2411071.0,2413992.0,2416913.0,2419834.0,2422755.0,2425785.0,2428814.0,2431843.0,2434872.0,2437901.0,2440930.0,2443959.0,2446988.0,2450017.0,2453046.0,2456075.0,2459104.0,2462069.0,2465039.0,2468009.0,2470979.0,2473949.0,2476919.0,2479889.0,2482859.0,2485829.0,2488799.0,2491769.0,2494739.0,2497330.0,2499915.0,2502500.0,2505085.0,2507670.0,2510255.0,2512840.0,2515425.0,2518010.0,2520595.0,2523180.0,2525765.0,2528402.0,2531042.0,2533682.0,2536322.0,2538962.0,2541602.0,2544242.0,2546882.0,2549522.0,2552162.0,2554802.0,2557442.0,2560078.0,2562714.0,2565350.0,2567986.0,2570622.0,2573258.0,2575894.0,2578530.0,2581166.0,2583802.0,2586438.0,2589074.0,2591748.0,2594427.0,2597106.0,2599785.0,2602464.0,2605143.0,2607822.0,2610501.0,2613180.0,2615859.0,2618538.0,2621217.0,2623940.0,2626666.0,2629392.0,2632118.0,2634844.0,2637570.0,2640296.0,2643022.0,2645748.0,2648474.0,2651200.0,2653926.0,2656555.0,2659182.0,2661809.0,2664436.0,2667063.0,2669690.0,2672317.0,2674944.0,2677571.0,2680198.0,2682825.0,2685452.0,2688044.0,2690634.0,2693224.0,2695814.0,2698404.0,2700994.0,2703584.0,2706174.0,2708764.0,2711354.0,2713944.0,2716534.0,2719158.0,2721782.0,2724406.0,2727030.0,2729654.0,2732278.0,2734902.0,2737526.0,2740150.0,2742774.0,2745398.0,2748022.0,2750603.0,2753183.0,2755763.0,2758343.0,2760923.0,2763503.0,2766083.0,2768663.0,2771243.0,2773823.0,2776403.0,2778983.0,2781520.0,2784054.0,2786588.0,2789122.0,2791656.0,2794190.0,2796724.0,2799258.0,2801792.0,2804326.0,2806860.0,2809394.0,2811877.0,2814360.0,2816843.0,2819326.0,2821809.0,2824292.0,2826775.0,2829258.0,2831741.0,2834224.0,2836707.0,2839190.0
51 Mato Grosso,2574600.0,2579122.0,2583644.0,2588166.0,2592688.0,2597210.0,2601732.0,2606254.0,2610776.0,2615298.0,2619820.0,2624342.0,2628765.0,2633189.0,2637613.0,2642037.0,2646461.0,2650885.0,2655309.0,2659733.0,2664157.0,2668581.0,2673005.0,2677429.0,2681873.0,2686319.0,2690765.0,2695211.0,2699657.0,2704103.0,2708549.0,2712995.0,2717441.0,2721887.0,2726333.0,2730779.0,2735315.0,2739854.0,2744393.0,2748932.0,2753471.0,2758010.0,2762549.0,2767088.0,2771627.0,2776166.0,2780705.0,2785244.0,2789934.0,2794626.0,2799318.0,2804010.0,2808702.0,2813394.0,2818086.0,2822778.0,2827470.0,2832162.0,2836854.0,2841546.0,2846188.0,2850835.0,2855482.0,2860129.0,2864776.0,2869423.0,2874070.0,2878717.0,2883364.0,2888011.0,2892658.0,2897305.0,2901708.0,2906111.0,2910514.0,2914917.0,2919320.0,2923723.0,2928126.0,2932529.0,2936932.0,2941335.0,2945738.0,2950141.0,2954481.0,2958823.0,2963165.0,2967507.0,2971849.0,2976191.0,2980533.0,2984875.0,2989217.0,2993559.0,2997901.0,3002243.0,3006639.0,3011041.0,3015443.0,3019845.0,3024247.0,3028649.0,3033051.0,3037453.0,3041855.0,3046257.0,3050659.0,3055061.0,3059353.0,3063640.0,3067927.0,3072214.0,3076501.0,3080788.0,3085075.0,3089362.0,3093649.0,3097936.0,3102223.0,3106510.0,3109789.0,3113065.0,3116341.0,3119617.0,3122893.0,3126169.0,3129445.0,3132721.0,3135997.0,3139273.0,3142549.0,3145825.0,3149106.0,3152382.0,3155658.0,3158934.0,3162210.0,3165486.0,3168762.0,3172038.0,3175314.0,3178590.0,3181866.0,3185142.0,3188555.0,3191962.0,3195369.0,3198776.0,3202183.0,3205590.0,3208997.0,3212404.0,3215811.0,3219218.0,3222625.0,3226032.0,3229648.0,3233266.0,3236884.0,3240502.0,3244120.0,3247738.0,3251356.0,3254974.0,3258592.0,3262210.0,3265828.0,3269446.0,3273206.0,3276964.0,3280722.0,3284480.0,3288238.0,3291996.0,3295754.0,3299512.0,3303270.0,3307028.0,3310786.0,3314544.0,3318077.0,3321614.0,3325151.0,3328688.0,3332225.0,3335762.0,3339299.0,3342836.0,3346373.0,3349910.0,3353447.0,3356984.0,3360463.0,3363947.0,3367431.0,3370915.0,3374399.0,3377883.0,3381367.0,3384851.0,3388335.0,3391819.0,3395303.0,3398787.0,3402392.0,3405993.0,3409594.0,3413195.0,3416796.0,3420397.0,3423998.0,3427599.0,3431200.0,3434801.0,3438402.0,3442003.0,3445537.0,3449076.0,3452615.0,3456154.0,3459693.0,3463232.0,3466771.0,3470310.0,3473849.0,3477388.0,3480927.0,3484466.0,3487946.0,3491426.0,3494906.0,3498386.0,3501866.0,3505346.0,3508826.0,3512306.0,3515786.0,3519266.0,3522746.0,3526226.0,3529638.0,3533056.0,3536474.0,3539892.0,3543310.0,3546728.0,3550146.0,3553564.0,3556982.0,3560400.0,3563818.0,3567236.0
52 Goias,5148577.0,5157248.0,5165919.0,5174590.0,5183261.0,5191932.0,5200603.0,5209274.0,5217945.0,5226616.0,5235287.0,5243958.0,5252597.0,5261235.0,5269873.0,5278511.0,5287149.0,5295787.0,5304425.0,5313063.0,5321701.0,5330339.0,5338977.0,5347615.0,5356143.0,5364669.0,5373195.0,5381721.0,5390247.0,5398773.0,5407299.0,5415825.0,5424351.0,5432877.0,5441403.0,5449929.0,5458266.0,5466597.0,5474928.0,5483259.0,5491590.0,5499921.0,5508252.0,5516583.0,5524914.0,5533245.0,5541576.0,5549907.0,5558105.0,5566307.0,5574509.0,5582711.0,5590913.0,5599115.0,5607317.0,5615519.0,5623721.0,5631923.0,5640125.0,5648327.0,5656372.0,5664417.0,5672462.0,5680507.0,5688552.0,5696597.0,5704642.0,5712687.0,5720732.0,5728777.0,5736822.0,5744867.0,5752589.0,5760309.0,5768029.0,5775749.0,5783469.0,5791189.0,5798909.0,5806629.0,5814349.0,5822069.0,5829789.0,5837509.0,5845156.0,5852801.0,5860446.0,5868091.0,5875736.0,5883381.0,5891026.0,5898671.0,5906316.0,5913961.0,5921606.0,5929251.0,5936839.0,5944426.0,5952013.0,5959600.0,5967187.0,5974774.0,5982361.0,5989948.0,5997535.0,6005122.0,6012709.0,6020296.0,6027752.0,6035207.0,6042662.0,6050117.0,6057572.0,6065027.0,6072482.0,6079937.0,6087392.0,6094847.0,6102302.0,6109757.0,6118290.0,6126823.0,6135356.0,6143889.0,6152422.0,6160955.0,6169488.0,6178021.0,6186554.0,6195087.0,6203620.0,6212153.0,6220649.0,6229149.0,6237649.0,6246149.0,6254649.0,6263149.0,6271649.0,6280149.0,6288649.0,6297149.0,6305649.0,6314149.0,6322588.0,6331024.0,6339460.0,6347896.0,6356332.0,6364768.0,6373204.0,6381640.0,6390076.0,6398512.0,6406948.0,6415384.0,6423984.0,6432585.0,6441186.0,6449787.0,6458388.0,6466989.0,6475590.0,6484191.0,6492792.0,6501393.0,6509994.0,6518595.0,6527309.0,6536027.0,6544745.0,6553463.0,6562181.0,6570899.0,6579617.0,6588335.0,6597053.0,6605771.0,6614489.0,6623207.0,6631581.0,6639960.0,6648339.0,6656718.0,6665097.0,6673476.0,6681855.0,6690234.0,6698613.0,6706992.0,6715371.0,6723750.0,6731940.0,6740133.0,6748326.0,6756519.0,6764712.0,6772905.0,6781098.0,6789291.0,6797484.0,6805677.0,6813870.0,6822063.0,6830322.0,6838580.0,6846838.0,6855096.0,6863354.0,6871612.0,6879870.0,6888128.0,6896386.0,6904644.0,6912902.0,6921160.0,6929260.0,6937359.0,6945458.0,6953557.0,6961656.0,6969755.0,6977854.0,6985953.0,6994052.0,7002151.0,7010250.0,7018349.0,7026286.0,7034218.0,7042150.0,7050082.0,7058014.0,7065946.0,7073878.0,7081810.0,7089742.0,7097674.0,7105606.0,7113538.0,7121294.0,7129048.0,7136802.0,7144556.0,7152310.0,7160064.0,7167818.0,7175572.0,7183326.0,7191080.0,7198834.0,7206588.0
53 Distrito Federal,2095296.0,2100054.0,2104812.0,2109570.0,2114328.0,2119086.0,2123844.0,2128602.0,2133360.0,2138118.0,2142876.0,2147634.0,2152305.0,2156979.0,2161653.0,2166327.0,2171001.0,2175675.0,2180349.0,2185023.0,2189697.0,2194371.0,2199045.0,2203719.0,2208346.0,2212968.0,2217590.0,2222212.0,2226834.0,2231456.0,2236078.0,2240700.0,2245322.0,2249944.0,2254566.0,2259188.0,2263762.0,2268341.0,2272920.0,2277499.0,2282078.0,2286657.0,2291236.0,2295815.0,2300394.0,2304973.0,2309552.0,2314131.0,2318714.0,2323298.0,2327882.0,2332466.0,2337050.0,2341634.0,2346218.0,2350802.0,2355386.0,2359970.0,2364554.0,2369138.0,2373747.0,2378359.0,2382971.0,2387583.0,2392195.0,2396807.0,2401419.0,2406031.0,2410643.0,2415255.0,2419867.0,2424479.0,2429009.0,2433545.0,2438081.0,2442617.0,2447153.0,2451689.0,2456225.0,2460761.0,2465297.0,2469833.0,2474369.0,2478905.0,2483415.0,2487926.0,2492437.0,2496948.0,2501459.0,2505970.0,2510481.0,2514992.0,2519503.0,2524014.0,2528525.0,2533036.0,2537562.0,2542088.0,2546614.0,2551140.0,2555666.0,2560192.0,2564718.0,2569244.0,2573770.0,2578296.0,2582822.0,2587348.0,2591834.0,2596326.0,2600818.0,2605310.0,2609802.0,2614294.0,2618786.0,2623278.0,2627770.0,2632262.0,2636754.0,2641246.0,2644738.0,2648229.0,2651720.0,2655211.0,2658702.0,2662193.0,2665684.0,2669175.0,2672666.0,2676157.0,2679648.0,2683139.0,2686578.0,2690012.0,2693446.0,2696880.0,2700314.0,2703748.0,2707182.0,2710616.0,2714050.0,2717484.0,2720918.0,2724352.0,2727794.0,2731240.0,2734686.0,2738132.0,2741578.0,2745024.0,2748470.0,2751916.0,2755362.0,2758808.0,2762254.0,2765700.0,2769225.0,2772754.0,2776283.0,2779812.0,2783341.0,2786870.0,2790399.0,2793928.0,2797457.0,2800986.0,2804515.0,2808044.0,2811617.0,2815194.0,2818771.0,2822348.0,2825925.0,2829502.0,2833079.0,2836656.0,2840233.0,2843810.0,2847387.0,2850964.0,2854430.0,2857901.0,2861372.0,2864843.0,2868314.0,2871785.0,2875256.0,2878727.0,2882198.0,2885669.0,2889140.0,2892611.0,2896015.0,2899423.0,2902831.0,2906239.0,2909647.0,2913055.0,2916463.0,2919871.0,2923279.0,2926687.0,2930095.0,2933503.0,2936931.0,2940365.0,2943799.0,2947233.0,2950667.0,2954101.0,2957535.0,2960969.0,2964403.0,2967837.0,2971271.0,2974705.0,2978083.0,2981463.0,2984843.0,2988223.0,2991603.0,2994983.0,2998363.0,3001743.0,3005123.0,3008503.0,3011883.0,3015263.0,3018591.0,3021914.0,3025237.0,3028560.0,3031883.0,3035206.0,3038529.0,3041852.0,3045175.0,3048498.0,3051821.0,3055144.0,3058414.0,3061679.0,3064944.0,3068209.0,3071474.0,3074739.0,3078004.0,3081269.0,3084534.0,3087799.0,3091064.0,3094329.0
Total,173969303.0,174172880.0,174376457.0,174580034.0,174783611.0,174987188.0,175190765.0,175394342.0,175597919.0,175801496.0,176005073.0,176208650.0,176399530.0,176590414.0,176781298.0,176972182.0,177163066.0,177353950.0,177544834.0,177735718.0,177926602.0,178117486.0,178308370.0,178499254.0,178683346.0,178867437.0,179051528.0,179235619.0,179419710.0,179603801.0,179787892.0,179971983.0,180156074.0,180340165.0,180524256.0,180708347.0,180888069.0,181067794.0,181247519.0,181427244.0,181606969.0,181786694.0,181966419.0,182146144.0,182325869.0,182505594.0,182685319.0,182865044.0,183042218.0,183219393.0,183396568.0,183573743.0,183750918.0,183928093.0,184105268.0,184282443.0,184459618.0,184636793.0,184813968.0,184991143.0,185163682.0,185336221.0,185508760.0,185681299.0,185853838.0,186026377.0,186198916.0,186371455.0,186543994.0,186716533.0,186889072.0,187061611.0,187226332.0,187391054.0,187555776.0,187720498.0,187885220.0,188049942.0,188214664.0,188379386.0,188544108.0,188708830.0,188873552.0,189038274.0,189202602.0,189366936.0,189531270.0,189695604.0,189859938.0,190024272.0,190188606.0,190352940.0,190517274.0,190681608.0,190845942.0,191010276.0,191174493.0,191338712.0,191502931.0,191667150.0,191831369.0,191995588.0,192159807.0,192324026.0,192488245.0,192652464.0,192816683.0,192980902.0,193140053.0,193299201.0,193458349.0,193617497.0,193776645.0,193935793.0,194094941.0,194254089.0,194413237.0,194572385.0,194731533.0,194890681.0,195033436.0,195176190.0,195318944.0,195461698.0,195604452.0,195747206.0,195889960.0,196032714.0,196175468.0,196318222.0,196460976.0,196603730.0,196746332.0,196888932.0,197031532.0,197174132.0,197316732.0,197459332.0,197601932.0,197744532.0,197887132.0,198029732.0,198172332.0,198314932.0,198455705.0,198596476.0,198737247.0,198878018.0,199018789.0,199159560.0,199300331.0,199441102.0,199581873.0,199722644.0,199863415.0,200004186.0,200146967.0,200289746.0,200432525.0,200575304.0,200718083.0,200860862.0,201003641.0,201146420.0,201289199.0,201431978.0,201574757.0,201717536.0,201864053.0,202010565.0,202157077.0,202303589.0,202450101.0,202596613.0,202743125.0,202889637.0,203036149.0,203182661.0,203329173.0,203475685.0,203615758.0,203755833.0,203895908.0,204035983.0,204176058.0,204316133.0,204456208.0,204596283.0,204736358.0,204876433.0,205016508.0,205156583.0,205293933.0,205431279.0,205568625.0,205705971.0,205843317.0,205980663.0,206118009.0,206255355.0,206392701.0,206530047.0,206667393.0,206804739.0,206945588.0,207086435.0,207227282.0,207368129.0,207508976.0,207649823.0,207790670.0,207931517.0,208072364.0,208213211.0,208354058.0,208494905.0,208632585.0,208770270.0,208907955.0,209045640.0,209183325.0,209321010.0,209458695.0,209596380.0,209734065.0,209871750.0,210009435.0,210147120.0,210281172.0,210415219.0,210549266.0,210683313.0,210817360.0,210951407.0,211085454.0,211219501.0,211353548.0,211487595.0,211621642.0,211755689.0,211885854.0,212016016.0,212146178.0,212276340.0,212406502.0,212536664.0,212666826.0,212796988.0,212927150.0,213057312.0,213187474.0,213317636.0
