Tipo da Equipe,2007-04-01,2007-05-01,2007-06-01,2007-07-01,2007-08-01,2007-09-01,2007-10-01,2007-11-01,2007-12-01,2008-01-01,2008-02-01,2008-03-01,2008-04-01,2008-05-01,2008-06-01,2008-07-01,2008-08-01,2008-09-01,2008-10-01,2008-11-01,2008-12-01,2009-01-01,2009-02-01,2009-03-01,2009-04-01,2009-05-01,2009-06-01,2009-07-01,2009-08-01,2009-09-01,2009-10-01,2009-11-01,2009-12-01,2010-01-01,2010-02-01,2010-03-01,2010-04-01,2010-05-01,2010-06-01,2010-07-01,2010-08-01,2010-09-01,2010-10-01,2010-11-01,2010-12-01,2011-01-01,2011-02-01,2011-03-01,2011-04-01,2011-05-01,2011-06-01,2011-07-01,2011-08-01,2011-09-01,2011-10-01,2011-11-01,2011-12-01,2012-01-01,2012-02-01,2012-03-01,2012-04-01,2012-05-01,2012-06-01,2012-07-01,2012-08-01,2012-09-01,2012-10-01,2012-11-01,2012-12-01,2013-01-01,2013-02-01,2013-03-01,2013-04-01,2013-05-01,2013-06-01,2013-07-01,2013-08-01,2013-09-01,2013-10-01,2013-11-01,2013-12-01,2014-01-01,2014-02-01,2014-03-01,2014-04-01,2014-05-01,2014-06-01,2014-07-01,2014-08-01,2014-09-01,2014-10-01,2014-11-01,2014-12-01,2015-01-01,2015-02-01,2015-03-01,2015-04-01,2015-05-01,2015-06-01,2015-07-01,2015-08-01,2015-09-01,2015-10-01,2015-11-01,2015-12-01,2016-01-01,2016-02-01,2016-03-01,2016-04-01,2016-05-01,2016-06-01,2016-07-01,2016-08-01,2016-09-01,2016-10-01,2016-11-01,2016-12-01,2017-01-01,2017-02-01,2017-03-01,2017-04-01,2017-05-01,2017-06-01,2017-07-01,2017-08-01,2017-09-01,2017-10-01,2017-11-01,2017-12-01,2018-01-01,2018-02-01,2018-03-01,2018-04-01,2018-05-01,2018-06-01,2018-07-01,2018-08-01,2018-09-01,2018-10-01,2018-11-01,2018-12-01,2019-01-01,2019-02-01,2019-03-01,2019-04-01,2019-05-01,2019-06-01,2019-07-01,2019-08-01,2019-09-01,2019-10-01,2019-11-01,2019-12-01,2020-01-01,2020-02-01,2020-03-01,2020-04-01,2020-05-01,2020-06-01,2020-07-01,2020-08-01,2020-09-01,2020-10-01,2020-11-01,2020-12-01,2021-01-01,2021-02-01,2021-03-01,2021-04-01,2021-05-01,2021-06-01,2021-07-01,2021-08-01,2021-09-01,2021-10-01,2021-11-01,2021-12-01,2022-01-01,2022-02-01,2022-03-01,2022-04-01,2022-05-01,2022-06-01,2022-07-01,2022-08-01,2022-09-01,2022-10-01,2022-11-01,2022-12-01,2023-01-01,2023-02-01,2023-03-01,2023-04-01,2023-05-01,2023-06-01,2023-07-01,2023-08-01
01 ESF - EQUIPE DE SAUDE DA FAMILIA,8721,10004,10334,9440,11135,11275,10847,10810,10757,10744,10632,10643,10675,10671,10635,10614,10647,10635,10632,10580,10577,10566,10587,10564,10598,10574,10554,10580,10603,10640,10607,10602,10579,10644,10656,10704,10706,10655,10684,10727,10672,10688,10691,10676,10707,10736,10712,10709,10670,10693,10643,10690,10652,10658,10610,10568,10665,10771,10820,10826,10757,10735,10729,10817,10824,10758,10691,10704,10701,10675,10786,10988,10989,11016,11013,11036,11050,11102,11240,11318,11655,11911,11936,12244,12326,12802,13164,13418,13675,13825,13944,14074,14125,14198,14227,14262,14366,14410,14465,14586,14664,14723,14829,14880,14975,15078,15068,15057,15053,15071,15123,15207,15240,15361,15522,15517,15470,15532,15587,15604,15657,15596,15646,15670,15606,15580,15701,15750,15843,16082,16105,16034,15969,15977,16059,16054,16090,16103,16144,16033,15825,15911,15921,15933,15921,15912,15989,16052,15998,15951,15938,15899,15893,16151,16114,16018,16261,4159,1602,873,373,334,312,295,288,281,277,274,273,267,264,258,257,255,252,242,240,239,235,236,233,230,228,228,224,223,221,220,219,216,215,215,215,206,204,204,204
02 ESFSB_M1 - ESF COM SAUDE BUCAL - M I,8590,10992,11641,11183,13957,15709,15801,16020,16250,16376,16513,16714,16859,17004,17201,17360,17543,17615,17697,17747,17769,17905,18025,18030,18142,18253,18238,18334,18520,18651,18699,18705,18837,18968,19068,19178,19232,19271,19339,19511,19621,19697,19762,19826,19901,20010,20070,20116,20108,20113,20147,20176,20205,20362,20466,20477,20583,20530,20619,20669,20632,20604,20640,20748,20951,21014,21049,20868,21010,21010,20990,21252,21387,21409,21491,21435,21529,21538,21605,21678,21766,21921,21832,21876,22010,22348,22458,22620,22761,22919,22948,22959,22917,22884,22903,23006,23011,22937,22999,23142,23174,23330,23321,23381,23397,23412,23456,23447,23338,23426,23571,23682,23760,23830,23708,23498,23276,23461,23403,23523,23481,23571,23690,23868,24106,24230,24395,24433,24595,25204,25262,25234,25247,25214,25292,25388,25441,25528,25561,25518,25433,25350,25339,25359,25327,25391,25570,25790,25918,26061,26190,26318,26503,26824,26888,26890,27056,6059,2143,833,169,136,125,105,99,82,77,77,77,75,75,73,73,71,70,67,66,65,64,64,63,64,64,64,63,63,63,63,63,60,60,60,60,60,60,60,60
03 ESFSB_M2 - ESF COM SAUDE BUCAL - M II,763,866,915,930,1073,1204,1246,1275,1299,1326,1327,1378,1411,1438,1466,1520,1552,1565,1568,1561,1568,1596,1617,1627,1650,1660,1662,1673,1693,1697,1716,1711,1737,1767,1776,1788,1811,1823,1843,1859,1877,1873,1894,1910,1915,1938,1963,1978,2000,2016,2036,2032,2073,2108,2116,2133,2124,2097,2107,2106,2116,2133,2147,2168,2170,2178,2182,2155,2148,2160,2150,2165,2164,2164,2183,2208,2197,2202,2201,2220,2233,2255,2246,2272,2282,2298,2305,2326,2331,2327,2331,2315,2305,2311,2316,2306,2303,2293,2288,2285,2294,2288,2272,2285,2273,2279,2266,2281,2264,2256,2252,2247,2243,2238,2251,2225,2195,2208,2210,2194,2199,2182,2184,2180,2176,2205,2225,2194,2187,2208,2205,2183,2168,2163,2150,2166,2162,2158,2163,2144,2125,2122,2117,2111,2104,2111,2129,2128,2113,2129,2127,2115,2117,2143,2145,2149,2148,500,184,84,20,18,18,18,17,15,14,14,14,13,12,13,13,13,13,12,12,12,12,12,12,12,12,12,12,12,12,12,12,12,12,12,12,12,12,12,12
04 EACS - EQUIPE DE AGENTES COMUNITARIOS DE SAUDE,1886,2294,2482,2318,2881,3407,3185,3238,3272,3273,3284,3298,3310,3340,3355,3379,3466,3479,3485,3521,3518,3466,3428,3433,3458,3435,3454,3509,3514,3523,3565,3584,3586,3554,3519,3518,3540,3545,3579,3584,3658,3679,3694,3762,3763,3719,3725,3729,3776,3834,3839,3839,3856,3804,3886,3900,3851,3781,3766,3775,3850,3878,3850,3852,3815,3863,3910,3976,3994,4000,3907,3770,3724,3698,3703,3759,3734,3715,3687,3605,3442,3328,3312,3182,3115,2987,2888,2825,2774,2750,2754,2774,2773,2776,2784,2774,2759,2805,2810,2743,2693,2660,2673,2649,2640,2615,2621,2656,2710,2694,2675,2693,2608,2641,2589,2694,2774,2730,2702,2731,2747,2784,2704,2647,2610,2586,2487,2476,2418,2282,2260,2331,2391,2388,2380,2396,2394,2381,2396,2498,2602,2648,2677,2737,2773,2817,2699,2694,2624,2638,2620,2599,2557,2448,2435,2450,2343,1194,828,628,410,398,382,374,370,363,357,354,353,352,350,349,349,349,348,344,339,339,339,313,311,310,309,309,309,309,308,308,308,308,305,297,297,293,291,291,291
05 EPEN - EQUIPE DE AT. SAUDE SIST. PENITENCIARIO,69,66,82,65,147,157,159,164,167,172,173,173,178,178,180,182,185,189,196,198,199,200,200,201,205,208,210,214,218,219,219,222,227,235,233,244,253,252,255,255,260,260,264,276,275,284,283,285,285,285,287,285,277,278,287,290,290,286,290,290,294,292,288,288,287,288,289,292,294,302,302,303,302,303,305,301,302,308,316,317,322,324,323,321,328,329,329,316,298,265,243,232,225,211,207,202,201,198,196,192,190,188,188,189,187,187,185,183,183,177,182,179,177,177,176,180,177,176,177,174,172,146,171,172,173,172,171,169,167,136,136,133,130,129,126,126,127,128,126,126,126,128,128,124,126,110,111,104,102,101,97,96,92,90,92,92,91,68,56,45,27,27,27,27,27,27,26,26,26,26,26,25,25,25,25,25,25,25,25,25,25,25,25,25,25,25,25,25,25,25,25,25,25,24,24,24,24
06 NASF1 - NUCLEO DE APOIO A SAUDE DA FAMILIA-NASF MODALIDADE 1,0,0,0,0,0,0,0,0,0,0,0,0,0,0,139,255,339,372,396,412,424,439,465,490,523,601,657,706,749,802,857,897,954,982,995,1014,1054,1079,1130,1164,1180,1192,1209,1233,1264,1255,1263,1272,1289,1337,1385,1421,1426,1448,1458,1471,1476,1474,1505,1528,1526,1561,1572,1585,1599,1613,1619,1613,1613,1606,1602,1620,1653,1686,1721,1770,1817,1849,1950,2002,2047,2138,2152,2225,2241,2319,2368,2375,2420,2422,2433,2465,2484,2497,2506,2526,2569,2552,2582,2622,2632,2639,2650,2646,2649,2666,2659,2677,2674,2677,2691,2708,2718,2728,2725,2743,2719,2719,2720,2775,2786,2795,2799,2845,2889,2936,2979,3015,3080,3258,3283,3311,3338,3332,3349,3370,3410,3440,3462,3477,3461,3463,3477,3431,3487,3505,3495,3518,3525,3524,3534,3525,3518,3552,3526,3516,3507,1103,632,401,153,138,135,128,124,120,117,117,116,115,115,114,111,111,109,109,109,109,109,108,104,104,104,104,104,104,104,102,102,102,100,98,98,98,91,91,91
07 NASF2 - NUCLEO DE APOIO A SAUDE DA FAMILIA-NASF MODALIDADE 2,0,0,0,0,0,0,0,0,0,0,0,0,0,0,12,22,30,33,35,39,40,41,39,40,45,52,55,58,70,82,92,98,104,108,112,114,121,126,130,131,131,137,141,145,151,149,149,150,153,155,156,154,157,160,160,168,185,203,224,247,267,298,326,354,374,386,403,419,433,447,457,477,491,498,522,521,543,545,575,594,628,653,658,683,697,717,740,758,762,769,780,786,788,798,815,839,848,849,851,866,870,871,873,878,885,882,886,889,893,886,891,901,903,907,910,909,900,900,897,908,917,925,927,946,955,973,978,981,996,1016,1029,1037,1042,1046,1035,1030,1044,1049,1053,1059,1062,1045,1044,1063,1070,1067,1065,1059,1073,1082,1087,1088,1084,1077,1073,1067,1065,392,234,166,47,37,33,30,28,26,24,24,24,24,24,23,23,23,23,22,22,22,22,22,21,21,20,20,20,20,19,19,19,19,19,19,19,19,16,16,15
08 EMSI - EQ MULTIDISC AT BASICA SAUDE INDIGENA,0,0,0,0,0,0,0,0,0,0,0,0,0,0,0,0,1,4,4,5,5,6,6,7,12,14,13,14,16,23,27,28,29,30,33,33,34,34,35,40,42,41,41,42,43,43,43,42,42,43,43,43,43,46,46,47,46,45,43,43,44,44,46,48,48,48,49,50,49,49,51,54,55,57,57,58,61,61,61,64,65,65,68,70,72,72,75,75,81,82,86,87,87,81,79,87,88,87,87,90,92,93,95,96,99,102,106,112,112,112,111,115,116,114,112,112,112,111,113,117,114,115,116,120,120,121,121,122,121,121,122,122,122,122,121,118,118,118,118,114,114,110,110,212,222,235,227,236,237,236,243,242,258,257,255,257,257,242,267,271,278,280,287,288,291,288,295,297,299,304,304,306,306,305,305,304,298,303,301,302,302,300,300,300,299,300,298,290,289,283,282,286,285,289,287,287,287
09 EMSIAL  EQ MULTIDISC AT BASICA SAUDE INDIGENA-AMAZONIA LEGAL,0,0,0,0,0,0,0,0,0,0,0,0,0,0,0,0,0,0,1,1,1,1,1,1,1,1,1,2,5,5,6,7,8,8,8,8,8,9,10,11,11,11,12,12,12,11,11,13,14,15,15,16,16,17,17,17,17,16,14,13,15,15,15,15,15,15,14,14,14,14,16,16,16,16,18,18,18,19,22,23,23,24,24,25,27,28,25,25,25,27,28,29,30,29,34,40,49,55,58,58,62,67,66,65,65,68,72,78,82,86,85,88,99,100,100,101,100,90,115,122,103,118,99,101,105,123,119,115,125,115,118,115,117,116,129,132,124,127,125,122,107,102,103,0,0,0,0,0,0,0,0,0,0,0,0,0,0,0,0,0,0,0,0,0,0,0,0,0,0,0,0,0,0,0,0,0,0,0,0,0,0,0,0,0,0,0,0,0,0,0,0,0,0,0,0,0,0
10 EACSSB_M1 - EQ AGENTES COMUNIT�RIOS COM SAUDE BUCAL - MI,0,0,0,0,0,0,0,0,0,0,0,0,0,0,0,0,0,0,0,0,0,0,0,0,0,30,78,114,120,136,138,148,143,143,143,160,180,205,220,223,236,234,247,268,258,241,255,278,335,375,425,424,444,462,468,484,454,405,395,402,454,495,508,483,455,450,440,458,430,421,421,375,324,331,315,340,353,346,360,345,274,240,258,271,215,197,174,170,148,133,151,165,169,189,186,207,255,284,289,242,226,226,232,221,213,209,236,284,311,313,251,224,197,192,199,261,313,286,260,289,304,327,276,232,218,217,181,194,200,144,156,214,282,321,285,276,273,290,294,345,429,449,502,528,571,609,471,434,413,400,408,424,381,325,336,374,319,74,42,33,24,23,20,20,20,15,15,8,8,8,8,8,8,8,8,7,7,5,5,5,5,5,5,5,5,5,5,5,5,5,5,4,4,4,4,4,4
11 EACSSB_M2 - EQ AGENTES COMUNIT�RIOS COM SAUDE BUCAL - MII,0,0,0,0,0,0,0,0,0,0,0,0,0,0,0,0,0,0,0,0,0,0,0,0,0,3,4,5,6,10,10,11,9,8,8,11,11,14,15,17,20,20,23,23,24,15,14,14,23,27,26,27,22,22,22,26,27,28,21,21,24,22,25,30,29,29,29,32,33,25,25,21,27,29,26,24,21,28,31,34,29,23,22,23,16,10,15,16,15,19,16,21,19,15,18,25,29,30,30,24,22,20,22,22,20,15,16,17,21,15,15,15,13,13,13,23,29,24,23,25,26,31,30,23,25,23,16,12,9,7,8,13,14,13,14,13,17,16,16,17,22,26,30,32,36,27,24,28,25,28,30,33,32,31,32,25,29,12,6,2,1,1,1,1,1,1,1,1,1,1,1,1,1,1,1,0,0,0,0,0,0,0,0,0,0,0,0,0,0,0,0,0,0,0,0,0,0
12 ESFR - EQUIPE DE SAUDE DA FAMILIA RIBEIRINHA,0,0,0,0,0,0,0,0,0,0,0,0,0,0,0,0,0,0,0,0,0,0,0,0,0,0,0,0,0,0,0,0,0,0,0,0,0,0,0,0,0,0,0,0,0,0,0,0,0,0,1,1,1,2,2,4,2,2,2,2,2,2,2,2,4,3,5,4,4,4,4,3,3,4,4,4,4,6,6,9,13,19,18,18,25,27,27,34,35,33,35,37,38,39,38,39,42,44,46,50,51,49,48,47,46,46,45,45,44,44,44,43,44,44,43,44,45,44,43,44,42,43,42,36,35,36,39,41,40,39,38,39,40,44,47,47,44,44,51,54,54,55,56,57,56,56,56,56,61,61,62,62,61,60,61,62,60,22,11,5,3,3,2,2,2,2,2,2,2,2,2,2,2,2,2,2,1,1,1,1,1,1,1,1,1,1,1,1,1,1,1,1,1,1,1,1,1
13 ESFRSB_MI - ESF RIBEIRINHA COM SAUDE BUCAL MI,0,0,0,0,0,0,0,0,0,0,0,0,0,0,0,0,0,0,0,0,0,0,0,0,0,0,0,0,0,0,0,0,0,0,0,0,0,0,0,0,0,0,0,0,0,0,0,0,0,2,3,0,2,3,3,4,5,6,6,6,6,6,6,6,6,6,6,2,2,2,2,4,5,5,6,6,10,11,11,12,19,21,22,33,35,42,45,46,46,46,45,47,48,49,49,49,49,49,49,52,53,55,55,56,56,54,51,54,54,54,54,54,56,56,57,55,55,56,57,57,59,59,60,60,62,61,60,62,63,68,68,68,69,70,73,75,79,86,90,94,91,94,94,98,97,100,100,102,102,105,104,104,106,109,106,107,118,31,13,2,2,2,2,2,2,2,2,2,2,2,1,1,1,1,1,1,1,1,1,1,1,1,1,1,1,1,1,1,0,0,0,0,0,0,0,0,0
14 ESFF - EQUIPE DE SAUDE DA FAMILIA FLUVIAL,0,0,0,0,0,0,0,0,0,0,0,0,0,0,0,0,0,0,0,0,0,0,0,0,0,0,0,0,0,0,0,0,0,0,0,0,0,0,0,0,0,0,0,0,0,0,0,0,0,0,0,0,0,0,0,0,0,0,0,0,0,0,0,0,0,0,0,0,0,0,0,1,2,2,2,2,2,2,2,2,2,4,4,4,4,4,2,2,2,2,2,2,2,2,2,2,3,3,3,3,3,3,6,6,6,3,3,3,3,3,3,3,3,3,2,2,2,2,2,2,2,2,2,2,2,2,2,2,2,2,3,3,3,2,2,2,1,1,1,1,1,1,1,1,1,2,2,1,0,0,0,0,0,0,0,0,1,0,0,0,0,0,0,0,0,0,0,0,0,0,0,0,0,0,0,0,0,0,0,0,0,0,0,0,0,0,0,0,0,0,0,0,0,0,0,0,0
15 ESFFSB - ESF FLUVIAL COM SAUDE BUCAL,0,0,0,0,0,0,0,0,0,0,0,0,0,0,0,0,0,0,0,0,0,0,0,0,0,0,0,0,0,0,0,0,0,0,0,0,0,0,0,0,0,0,0,0,0,0,0,0,0,1,1,1,1,1,1,1,1,1,1,2,2,2,2,2,1,1,1,2,2,2,2,2,2,2,3,3,3,3,3,3,3,4,4,4,4,4,6,6,6,6,6,7,7,7,7,7,7,7,7,7,7,7,4,4,4,7,7,7,8,8,8,9,9,9,9,9,9,9,9,9,9,8,9,10,10,11,10,12,12,12,12,11,13,14,14,16,17,18,18,18,18,19,20,20,21,22,25,26,27,30,32,32,34,37,39,43,43,17,6,1,0,0,0,0,0,0,0,0,0,0,0,0,0,0,0,0,0,0,0,0,0,0,0,0,0,0,0,0,0,0,0,0,0,0,0,0,0
16 EAB1 - EQUIPE DE ATENCAO BASICA TIPO I,0,0,0,0,0,0,0,0,0,0,0,0,0,0,0,0,0,0,0,0,0,0,0,0,0,0,0,0,0,0,0,0,0,0,0,0,0,0,0,0,0,0,0,0,0,0,0,0,0,0,0,0,0,0,31,32,31,31,30,30,29,29,29,29,29,29,29,29,29,29,31,35,39,55,64,63,68,68,66,66,67,67,64,61,60,60,58,66,92,94,97,106,113,115,112,130,137,139,137,140,137,142,148,198,192,195,199,198,200,198,197,195,196,204,207,207,203,201,194,199,197,205,204,206,207,210,213,209,224,245,248,249,248,251,249,251,252,258,255,254,255,261,264,267,271,278,280,277,276,277,283,243,241,303,335,376,405,231,146,117,76,75,75,74,74,72,72,71,71,71,71,71,71,71,71,71,71,71,71,64,54,54,54,51,50,50,50,50,50,50,50,50,50,50,50,50,50
17 EAB2 - EQUIPE DE ATENCAO BASICA TIPO II,0,0,0,0,0,0,0,0,0,0,0,0,0,0,0,0,0,0,0,0,0,0,0,0,0,0,0,0,0,0,0,0,0,0,0,0,0,0,0,0,0,0,0,0,0,0,0,0,0,0,0,0,0,0,1,2,1,1,1,1,2,2,2,2,3,3,3,3,3,3,3,3,3,6,8,11,11,11,11,11,11,12,12,13,13,13,10,11,11,12,12,22,24,36,36,35,34,35,34,34,33,49,52,54,53,53,54,54,50,48,47,48,47,47,47,47,47,49,49,49,49,47,50,48,47,45,45,44,44,43,41,38,38,35,34,32,32,31,31,31,31,30,28,28,28,28,28,28,28,29,30,29,29,55,60,57,61,35,18,17,14,14,14,14,14,14,14,14,14,14,14,14,14,14,14,14,14,14,14,13,8,8,8,8,8,8,8,8,8,8,8,8,8,8,7,7,7
18 EAB3 - EQUIPE DE ATENCAO BASICA TIPO III,0,0,0,0,0,0,0,0,0,0,0,0,0,0,0,0,0,0,0,0,0,0,0,0,0,0,0,0,0,0,0,0,0,0,0,0,0,0,0,0,0,0,0,0,0,0,0,0,0,0,0,0,0,0,1,1,1,1,1,1,1,1,1,1,1,1,1,1,1,1,1,1,1,1,2,2,2,2,2,2,2,2,2,1,1,1,1,1,1,1,1,2,2,7,7,1,0,0,0,0,0,7,6,7,6,6,5,3,3,3,3,3,3,3,3,3,3,3,3,3,3,3,7,7,7,7,7,6,6,6,6,6,6,6,6,6,6,6,6,6,6,6,6,6,6,6,6,6,6,5,5,4,4,4,4,4,4,4,4,3,3,3,3,3,3,3,3,3,3,3,3,3,3,3,3,3,3,3,3,3,2,2,2,2,2,2,2,2,2,2,2,2,2,2,2,2,2
19 EAB1SB - EQUIPE DE ATENCAO BASICA TIPO I COM SAUDE BUCAL,0,0,0,0,0,0,0,0,0,0,0,0,0,0,0,0,0,0,0,0,0,0,0,0,0,0,0,0,0,0,0,0,0,0,0,0,0,0,0,0,0,0,0,0,0,0,0,0,0,0,0,0,0,0,30,32,34,33,34,34,34,34,34,26,26,27,27,27,27,27,28,41,48,124,144,148,151,151,154,153,152,152,155,156,157,157,156,157,164,155,154,153,153,154,154,179,181,181,174,178,179,211,214,219,222,223,222,223,221,217,217,216,208,211,210,209,210,212,219,213,213,211,211,207,213,214,216,228,238,243,239,240,243,243,229,232,229,227,200,198,197,203,204,202,205,200,201,203,204,199,197,194,182,196,204,229,249,110,77,48,34,30,30,30,30,30,30,29,29,29,29,29,29,30,29,28,28,28,27,17,17,16,16,16,16,16,16,16,15,15,15,15,15,15,15,15,14
20 EAB2SB - EQUIPE DE ATENCAO BASICA TIPO II COM SAUDE BUCAL,0,0,0,0,0,0,0,0,0,0,0,0,0,0,0,0,0,0,0,0,0,0,0,0,0,0,0,0,0,0,0,0,0,0,0,0,0,0,0,0,0,0,0,0,0,0,0,0,0,0,0,0,0,0,0,3,4,4,4,4,4,4,4,4,4,4,4,4,4,4,4,5,6,28,23,21,18,18,17,18,18,17,17,17,17,18,18,17,17,17,15,17,17,17,18,19,19,18,18,18,18,23,23,24,24,23,23,22,20,20,20,18,17,16,17,16,16,17,18,21,21,21,20,20,18,17,17,16,17,15,15,15,17,18,14,13,14,12,10,10,10,10,10,10,10,10,10,10,8,8,8,4,5,6,8,10,10,3,0,0,0,0,0,0,0,0,0,0,0,0,0,0,0,0,0,0,0,0,0,0,0,0,0,0,0,0,0,0,0,0,0,0,0,0,0,0,0
21 EAB3SB - EQUIPE DE ATENCAO BASICA TIPO III COM SAUDE BUCAL,0,0,0,0,0,0,0,0,0,0,0,0,0,0,0,0,0,0,0,0,0,0,0,0,0,0,0,0,0,0,0,0,0,0,0,0,0,0,0,0,0,0,0,0,0,0,0,0,0,0,0,0,0,0,0,0,0,0,0,0,0,0,0,0,0,0,0,0,0,0,0,1,1,2,2,2,1,1,1,1,1,1,1,1,1,3,3,6,6,7,5,5,5,5,5,5,5,5,5,5,5,5,5,5,5,5,5,5,1,1,1,1,0,0,0,0,0,0,0,0,0,0,0,0,0,0,0,1,2,1,1,1,1,1,1,1,1,1,1,0,0,0,0,0,0,0,0,0,0,0,0,0,0,0,0,0,0,0,0,0,0,0,0,0,0,0,0,0,0,0,0,0,0,0,0,0,0,0,0,0,0,0,0,0,0,0,0,0,0,0,0,0,0,0,0,0,0
22 EMAD - EQUIPE MULTIDISCIPLINAR DE ATENCAO DOMICILIAR TIPO I,0,0,0,0,0,0,0,0,0,0,0,0,0,0,0,0,0,0,0,0,0,0,0,0,0,0,0,0,0,0,0,0,0,0,0,0,0,0,0,0,0,0,0,0,0,0,0,0,0,0,0,0,0,0,1,52,65,72,80,94,103,112,120,138,150,157,169,174,198,205,205,217,222,236,249,266,299,312,321,323,352,355,366,386,392,413,428,447,459,470,474,484,482,488,492,501,504,507,514,512,525,532,534,543,546,539,555,557,557,560,558,563,567,566,564,567,569,576,574,590,596,595,596,595,602,609,613,613,611,616,625,641,634,629,628,636,639,647,651,653,660,663,669,672,671,681,681,678,675,683,686,689,687,718,753,798,802,816,817,818,823,824,829,836,835,846,850,855,855,857,856,866,875,888,885,905,912,937,938,941,954,960,969,964,969,973,984,990,994,996,996,1002,1000,1009,1010,1020,1029
23 EMAP - EQUIPE MULTIDISCIPLINAR DE APOIO,0,0,0,0,0,0,0,0,0,0,0,0,0,0,0,0,0,0,0,0,0,0,0,0,0,0,0,0,0,0,0,0,0,0,0,0,0,0,0,0,0,0,0,0,0,0,0,0,0,0,0,0,0,0,1,22,28,34,36,42,47,53,58,68,71,75,82,85,98,104,106,115,115,126,135,144,159,164,173,175,195,201,211,218,230,234,248,265,279,291,290,299,308,316,319,324,328,331,338,339,344,350,353,356,360,360,364,363,364,365,363,364,369,370,369,368,369,372,374,391,393,398,400,402,403,407,403,400,400,407,412,420,419,413,414,422,428,435,435,437,442,448,450,457,456,463,464,467,468,470,471,470,472,513,541,571,581,589,592,591,594,594,600,601,608,617,621,627,634,635,638,644,655,665,678,698,705,723,730,733,743,753,757,758,763,772,784,789,794,801,801,808,812,834,831,843,844
24 ESF1      - ESTRATEGIA DE SAUDE DA FAMILIA TIPO I,0,0,0,0,0,0,0,0,0,0,0,0,0,0,0,0,0,0,0,0,0,0,0,0,0,0,0,0,0,0,0,0,0,0,0,0,0,0,0,0,0,0,0,0,0,0,0,0,0,0,0,0,0,0,0,0,4,3,6,9,9,9,10,14,14,13,16,13,13,14,13,11,13,13,13,13,14,14,15,14,15,17,17,19,20,23,23,26,25,23,19,17,18,18,15,21,21,19,20,19,19,19,18,20,19,20,19,20,29,29,30,33,33,34,31,29,29,28,30,29,30,32,30,31,33,36,37,35,31,32,33,36,35,35,32,33,34,33,34,35,34,33,31,30,27,26,22,17,17,18,18,16,16,19,18,15,17,7,6,5,2,2,2,2,2,2,2,2,2,2,2,2,2,2,2,2,2,2,1,1,1,1,1,1,1,1,1,1,1,1,1,1,1,1,1,1,1
25 ESF1SB_M1 - ESF TIPO I COM SAUDE BUCAL MODALIDADE I,0,0,0,0,0,0,0,0,0,0,0,0,0,0,0,0,0,0,0,0,0,0,0,0,0,0,0,0,0,0,0,0,0,0,0,0,0,0,0,0,0,0,0,0,0,0,0,0,0,0,0,0,0,0,0,0,2,1,3,7,9,13,11,15,20,23,25,26,27,23,21,18,14,18,26,29,27,31,32,31,34,32,32,29,30,31,29,26,33,32,39,38,38,33,31,34,40,38,38,39,44,46,48,47,46,44,45,53,67,66,67,65,73,73,70,69,68,67,59,61,81,79,78,78,80,80,80,83,78,76,64,63,58,57,58,56,55,54,53,49,39,39,38,33,50,50,42,40,34,34,33,32,33,41,54,61,73,22,5,3,1,1,1,1,1,1,1,1,1,1,1,1,1,1,1,1,1,1,1,1,1,1,1,1,1,1,1,1,1,1,1,1,1,1,1,1,1
26 ESF1SB_M2 - ESF TIPO I COM SAUDE BUCAL MODALIDADE II,0,0,0,0,0,0,0,0,0,0,0,0,0,0,0,0,0,0,0,0,0,0,0,0,0,0,0,0,0,0,0,0,0,0,0,0,0,0,0,0,0,0,0,0,0,0,0,0,0,0,0,0,0,0,0,0,0,0,0,1,2,2,1,1,1,1,1,1,1,2,2,1,1,1,1,1,2,3,4,3,3,2,3,5,6,4,4,4,4,4,4,4,4,6,6,4,4,4,4,6,6,7,7,7,7,8,6,5,8,8,8,9,7,7,7,7,8,7,6,8,5,6,6,7,6,6,5,4,5,5,4,9,6,6,5,6,5,3,3,3,1,1,1,1,1,0,0,1,0,0,0,0,0,0,0,1,2,1,0,0,0,0,0,0,0,0,0,0,0,0,0,0,0,0,0,0,0,0,0,0,0,0,0,0,0,0,0,0,0,0,0,0,0,0,0,0,0
27 ESF2      - ESTRATEGIA DE SAUDE DA FAMILIA TIPO II,0,0,0,0,0,0,0,0,0,0,0,0,0,0,0,0,0,0,0,0,0,0,0,0,0,0,0,0,0,0,0,0,0,0,0,0,0,0,0,0,0,0,0,0,0,0,0,0,0,0,0,0,0,0,0,0,0,0,0,1,1,1,1,0,0,0,0,0,0,0,0,0,0,0,0,0,0,0,0,0,0,0,0,0,0,0,0,0,0,0,2,2,2,2,2,2,5,5,5,5,5,4,4,4,4,3,3,4,3,3,2,2,3,3,3,3,3,3,3,3,3,3,3,2,2,3,3,3,3,3,3,4,4,4,4,4,4,4,4,4,4,4,3,3,3,3,1,1,1,1,1,1,1,1,1,1,1,1,1,1,0,0,0,0,0,0,0,0,0,0,0,0,0,0,0,0,0,0,0,0,0,0,0,0,0,0,0,0,0,0,0,0,0,0,0,0,0
28 ESF2SB_M1 - ESF TIPO II COM SAUDE BUCAL MODALIDADE I,0,0,0,0,0,0,0,0,0,0,0,0,0,0,0,0,0,0,0,0,0,0,0,0,0,0,0,0,0,0,0,0,0,0,0,0,0,0,0,0,0,0,0,0,0,0,0,0,0,0,0,0,0,0,0,0,1,1,1,1,1,1,1,1,1,2,2,1,1,1,1,1,1,1,2,2,2,2,1,1,1,1,1,1,1,1,1,1,1,1,2,2,2,2,2,2,2,2,2,2,2,2,2,2,2,2,2,2,2,2,2,0,0,0,1,1,1,1,1,1,1,1,1,2,2,0,1,2,1,1,1,1,1,1,1,1,1,1,1,1,1,1,0,0,0,0,0,0,1,1,1,1,1,1,1,2,2,1,0,0,0,0,0,0,0,0,0,0,0,0,0,0,0,0,0,0,0,0,0,0,0,0,0,0,0,0,0,0,0,0,0,0,0,0,0,0,0
30 ESF3      - ESTRATEGIA DE SAUDE DA FAMILIA TIPO III,0,0,0,0,0,0,0,0,0,0,0,0,0,0,0,0,0,0,0,0,0,0,0,0,0,0,0,0,0,0,0,0,0,0,0,0,0,0,0,0,0,0,0,0,0,0,0,0,0,0,0,0,0,0,0,0,2,0,0,0,0,1,1,1,1,1,1,1,0,0,1,1,1,1,1,1,1,1,1,1,1,1,1,1,1,1,1,0,1,1,1,1,1,0,0,1,1,1,1,1,1,1,1,1,1,1,1,1,1,1,1,1,1,0,0,0,0,0,0,0,0,0,0,0,0,0,0,0,0,0,0,0,0,0,0,0,0,0,0,0,0,0,0,0,0,0,0,0,0,0,0,0,0,0,0,0,0,0,0,0,0,0,0,0,0,0,0,0,0,0,0,0,0,0,0,0,0,0,0,0,0,0,0,0,0,0,0,0,0,0,0,0,0,0,0,0,0
31 ESF3SB_M1 - ESF TIPO III COM SAUDE BUCAL MODALIDADE I,0,0,0,0,0,0,0,0,0,0,0,0,0,0,0,0,0,0,0,0,0,0,0,0,0,0,0,0,0,0,0,0,0,0,0,0,0,0,0,0,0,0,0,0,0,0,0,0,0,0,0,0,0,0,0,0,0,0,0,1,1,1,0,0,0,0,0,0,0,0,0,0,0,0,0,0,0,0,0,0,0,0,0,0,0,0,0,0,0,0,0,0,0,0,0,0,0,0,0,0,0,0,0,0,0,0,0,0,0,0,0,0,0,0,0,0,0,0,0,0,0,0,0,0,0,0,0,0,0,0,0,0,0,0,0,0,0,0,0,0,0,0,0,0,0,0,0,0,0,0,0,0,0,2,2,2,2,1,1,0,0,0,0,0,0,0,0,0,0,0,0,0,0,0,0,0,0,0,0,0,0,0,0,0,0,0,0,0,0,0,0,0,0,0,0,0,0
33 ESF4      - ESTRATEGIA DE SAUDE DA FAMILIA TIPO IV,0,0,0,0,0,0,0,0,0,0,0,0,0,0,0,0,0,0,0,0,0,0,0,0,0,0,0,0,0,0,0,0,0,0,0,0,0,0,0,0,0,0,0,0,0,0,0,0,0,0,0,0,0,0,0,0,48,42,74,89,95,108,124,149,149,163,171,177,182,182,181,188,184,183,183,186,207,219,223,234,225,213,200,173,165,158,160,168,169,170,161,163,162,171,160,169,171,177,183,205,222,234,243,241,239,256,263,263,262,274,279,292,292,306,321,320,327,346,342,309,298,311,328,350,371,380,374,384,371,362,346,321,291,295,285,315,336,330,319,293,294,288,270,246,243,246,248,210,223,238,247,244,240,228,225,230,225,101,37,19,17,15,14,14,14,14,14,14,14,14,14,14,14,14,13,12,12,12,12,12,12,12,12,12,9,9,9,9,9,9,9,9,9,9,9,9,9
34 ESF4SB_M1 - ESF TIPO IV COM SAUDE BUCAL MODALIDADE I,0,0,0,0,0,0,0,0,0,0,0,0,0,0,0,0,0,0,0,0,0,0,0,0,0,0,0,0,0,0,0,0,0,0,0,0,0,0,0,0,0,0,0,0,0,0,0,0,0,0,0,0,0,0,0,0,3,13,26,31,39,48,53,53,62,66,64,65,64,62,55,57,59,72,68,69,78,82,94,93,91,80,74,66,60,53,45,54,54,57,58,59,56,61,66,61,70,72,70,80,83,80,86,87,85,87,87,82,88,98,103,104,101,104,110,115,125,121,118,110,115,118,127,141,146,152,148,153,148,163,152,141,131,127,119,125,128,125,121,111,106,108,98,88,83,88,83,76,81,89,85,87,86,84,76,78,78,38,19,9,3,3,3,2,2,2,2,2,2,2,2,2,2,2,2,1,1,1,1,1,1,1,1,1,1,1,1,1,1,1,1,1,1,1,1,1,1
35 ESF4SB_M2 - ESF TIPO IV COM SAUDE BUCAL MODALIDADE II,0,0,0,0,0,0,0,0,0,0,0,0,0,0,0,0,0,0,0,0,0,0,0,0,0,0,0,0,0,0,0,0,0,0,0,0,0,0,0,0,0,0,0,0,0,0,0,0,0,0,0,0,0,0,0,0,0,1,1,3,9,13,16,15,18,22,25,26,29,29,29,28,23,23,23,23,27,30,31,32,31,29,30,28,28,25,24,24,24,24,24,24,23,24,19,24,25,26,28,27,27,36,39,37,37,35,44,45,45,47,49,52,58,63,64,60,54,60,58,54,55,56,56,59,60,62,55,54,50,50,45,43,35,36,37,42,46,41,41,43,29,28,30,30,30,34,33,19,22,20,23,25,24,26,26,26,25,10,3,1,1,1,1,1,1,1,1,1,1,1,1,1,1,1,0,0,0,0,0,0,0,0,0,0,0,0,0,0,0,0,0,0,0,0,0,0,0
36 ESFTRANS      - ESF TRANSITORIA,0,0,0,0,0,0,0,0,0,0,0,0,0,0,0,0,0,0,0,0,0,0,0,0,0,0,0,0,0,0,0,0,0,0,0,0,0,0,0,0,0,0,0,0,0,0,0,0,0,0,0,0,0,0,0,0,13,90,108,130,154,164,182,181,183,192,205,220,205,201,221,218,218,237,243,235,244,233,220,212,205,202,200,182,177,157,149,143,147,151,154,161,168,159,169,175,178,171,183,187,180,177,176,176,167,169,163,170,187,195,199,187,183,192,211,223,225,195,183,203,199,186,175,165,154,156,150,155,168,179,191,209,239,250,250,216,195,203,220,229,222,225,214,226,208,203,191,196,206,189,187,194,194,202,174,174,178,47,29,22,16,15,15,15,15,15,15,15,15,15,15,15,15,14,14,14,14,14,14,14,14,14,14,14,14,14,14,14,14,14,13,13,13,13,13,13,13
37 ESFTRANSSB_M1 - ESF TRANSITORIA COM SAUDE BUCAL MI,0,0,0,0,0,0,0,0,0,0,0,0,0,0,0,0,0,0,0,0,0,0,0,0,0,0,0,0,0,0,0,0,0,0,0,0,0,0,0,0,0,0,0,0,0,0,0,0,0,0,0,0,0,0,0,0,0,29,46,58,66,75,79,75,87,92,99,108,102,95,98,94,78,88,80,77,78,77,80,79,75,63,63,57,55,47,44,49,50,50,49,53,53,65,62,69,68,78,87,81,85,81,78,77,78,78,84,89,85,80,73,69,71,69,69,74,68,60,66,69,79,81,70,67,59,56,55,53,54,55,66,77,90,99,96,93,80,73,84,86,85,76,84,90,88,87,85,77,80,83,87,92,86,87,80,92,92,24,9,4,2,2,2,2,2,2,2,2,2,2,2,2,2,2,1,1,1,1,1,1,1,1,1,1,1,1,1,1,1,1,1,1,1,1,1,1,1
38 ESFTRANSSB_M2 - ESF TRANSITORIA COM SAUDE BUCAL MII,0,0,0,0,0,0,0,0,0,0,0,0,0,0,0,0,0,0,0,0,0,0,0,0,0,0,0,0,0,0,0,0,0,0,0,0,0,0,0,0,0,0,0,0,0,0,0,0,0,0,0,0,0,0,0,0,0,5,10,10,16,15,8,8,9,13,14,15,11,9,7,9,14,10,12,11,11,14,8,8,7,14,15,10,9,9,8,8,10,10,9,10,12,12,12,13,16,22,24,27,23,20,18,21,19,19,17,18,18,25,20,19,16,16,15,17,22,18,21,20,15,17,19,18,16,11,10,11,15,13,16,20,29,30,27,25,20,15,12,10,18,22,23,24,24,21,22,24,24,20,20,20,21,20,20,23,15,8,4,2,2,2,2,2,2,2,2,2,2,2,2,2,2,2,2,1,1,1,1,1,1,1,1,1,1,1,1,1,1,1,1,1,1,1,1,1,1
39 ESFRSB_MII - ESF RIBEIRINHA COM SAUDE BUCAL MII,0,0,0,0,0,0,0,0,0,0,0,0,0,0,0,0,0,0,0,0,0,0,0,0,0,0,0,0,0,0,0,0,0,0,0,0,0,0,0,0,0,0,0,0,0,0,0,0,0,0,0,0,0,0,0,0,0,0,0,0,0,0,0,0,0,0,0,0,0,0,0,0,0,0,0,0,0,0,0,0,0,0,0,0,0,0,0,0,0,0,1,1,1,1,1,1,1,1,1,0,0,0,0,0,0,2,2,2,2,2,2,2,2,2,2,2,2,2,2,2,2,2,2,2,2,2,2,2,3,3,3,3,3,3,5,7,8,8,8,8,8,8,7,8,8,8,8,8,8,8,8,8,8,8,8,8,8,0,0,0,0,0,0,0,0,0,0,0,0,0,0,0,0,0,0,0,0,0,0,0,0,0,0,0,0,0,0,0,0,0,0,0,0,0,0,0,0
40 eCR MI   - EQUIPE DOS CONSULTORIOS NA RUA MODALIDADE I,0,0,0,0,0,0,0,0,0,0,0,0,0,0,0,0,0,0,0,0,0,0,0,0,0,0,0,0,0,0,0,0,0,0,0,0,0,0,0,0,0,0,0,0,0,0,0,0,0,0,0,0,0,0,0,0,0,0,0,0,0,1,1,1,0,0,3,4,8,9,9,9,9,9,9,10,13,13,13,11,9,10,10,11,13,14,15,19,19,21,22,25,26,29,29,29,27,28,29,29,28,28,27,27,27,26,27,26,29,29,31,31,32,32,32,30,30,30,30,30,30,30,32,31,32,30,35,35,35,42,43,42,42,39,38,38,39,39,42,42,42,42,42,42,42,41,41,44,44,46,46,45,46,46,46,46,47,20,11,7,6,6,6,6,6,6,5,5,5,5,5,5,4,4,4,4,4,4,4,4,4,4,4,4,4,4,4,4,4,4,4,4,4,4,4,4,4
41 eCR MII  - EQUIPE DOS CONSULTORIOS NA RUA MODALIDADE II,0,0,0,0,0,0,0,0,0,0,0,0,0,0,0,0,0,0,0,0,0,0,0,0,0,0,0,0,0,0,0,0,0,0,0,0,0,0,0,0,0,0,0,0,0,0,0,0,0,0,0,0,0,0,0,0,0,0,0,2,2,9,10,14,16,21,21,27,28,28,28,27,28,29,29,32,33,34,37,42,42,44,43,45,48,49,51,47,46,47,50,52,52,54,55,59,63,62,61,63,63,63,64,64,65,64,66,66,65,66,66,66,66,66,67,68,68,68,68,69,68,69,67,68,67,64,68,68,69,71,72,74,75,73,73,73,73,72,73,71,69,69,69,69,69,68,68,67,68,72,72,71,71,68,69,69,69,30,12,10,3,3,3,3,3,3,3,3,3,3,3,3,3,3,3,3,3,3,3,3,3,3,3,3,3,3,3,3,3,3,3,3,3,3,3,3,3
42 eCR MIII - EQUIPE DOS CONSULTORIOS NA RUA MODALIDADE III,0,0,0,0,0,0,0,0,0,0,0,0,0,0,0,0,0,0,0,0,0,0,0,0,0,0,0,0,0,0,0,0,0,0,0,0,0,0,0,0,0,0,0,0,0,0,0,0,0,0,0,0,0,0,0,0,0,0,0,3,3,5,5,5,15,15,17,16,18,19,19,19,21,22,23,22,25,25,26,26,37,42,44,44,41,42,42,43,48,48,47,50,48,49,49,50,49,50,53,52,55,54,54,53,52,54,55,56,56,54,56,56,57,56,58,60,59,57,58,58,58,57,57,60,61,64,69,68,69,72,71,71,70,67,69,69,69,70,70,69,70,71,71,72,73,72,73,71,70,69,70,72,70,73,76,76,78,32,17,8,6,6,6,6,6,6,6,6,6,6,6,6,6,6,6,6,6,6,6,6,6,6,6,6,6,6,6,6,6,6,6,6,6,6,6,6,6
43 ESB MI  - EQUIPE DE SAUDE BUCAL MODALIDADE I,0,0,0,0,0,0,0,0,0,0,0,0,0,0,0,0,0,0,0,0,0,0,0,0,0,0,0,0,0,0,0,0,0,0,0,0,0,0,0,0,0,0,0,0,0,0,0,0,0,0,0,0,0,0,0,0,0,0,0,0,0,0,0,0,0,0,0,0,0,0,0,6,14,14,10,9,8,9,9,7,7,8,7,5,5,6,6,6,3,3,7,8,7,7,32,30,31,44,43,45,44,36,36,37,37,37,36,34,34,34,34,33,32,31,30,30,30,30,30,33,31,30,32,33,33,32,29,28,28,30,30,29,28,28,28,27,27,27,27,26,26,26,26,25,25,26,25,23,22,25,26,22,22,21,29,37,42,30,28,27,21,21,21,21,21,21,21,21,21,21,21,21,21,21,21,21,21,21,21,21,9,9,9,9,9,9,9,9,9,9,9,9,9,9,8,8,8
44 ESB MII - EQUIPE DE SAUDE BUCAL MODALIDADE II,0,0,0,0,0,0,0,0,0,0,0,0,0,0,0,0,0,0,0,0,0,0,0,0,0,0,0,0,0,0,0,0,0,0,0,0,0,0,0,0,0,0,0,0,0,0,0,0,0,0,0,0,0,0,0,0,0,0,0,0,0,0,0,0,0,0,0,0,0,0,0,0,0,0,0,0,0,0,0,0,0,0,0,0,0,0,0,0,0,0,0,0,0,0,5,5,5,6,6,6,6,5,5,5,5,4,4,1,1,1,1,1,1,1,1,1,1,1,1,1,2,2,1,1,1,2,2,2,3,4,4,5,5,5,6,6,5,4,4,4,4,6,6,6,6,6,6,6,5,5,6,5,5,5,4,4,8,8,8,7,7,7,7,7,7,7,7,7,7,7,7,7,7,7,7,7,7,7,6,6,6,6,6,6,6,6,6,6,6,6,6,6,6,6,6,6,6
45 NASF3 - NUCLEO DE APOIO A SAUDE DA FAMILIA-NASF MODALIDADE 3,0,0,0,0,0,0,0,0,0,0,0,0,0,0,0,0,0,0,0,0,0,0,0,0,0,0,0,0,0,0,0,0,0,0,0,0,0,0,0,0,0,0,0,0,0,0,0,0,0,0,0,0,0,0,0,0,0,0,0,0,0,0,0,0,0,0,0,0,0,0,0,1,6,12,54,97,152,208,292,357,448,504,556,608,649,685,724,750,766,784,797,830,838,870,909,931,952,956,968,989,1001,1016,1024,1027,1025,1032,1035,1037,1031,1039,1048,1052,1056,1059,1064,1058,1053,1061,1056,1079,1078,1087,1096,1113,1140,1154,1171,1172,1190,1228,1225,1243,1252,1258,1259,1265,1264,1266,1275,1276,1274,1276,1286,1287,1285,1284,1285,1286,1291,1287,1285,1285,1284,1275,1267,1258,1246,488,262,173,45,36,30,25,23,20,18,18,18,18,18,13,13,13,13,13,13,13,13,13,13,13,13,13,13,13,13,12,12,12,12,12,12,12,11,11,11
46 EMAD - EQUIPE MULTIDISCIPLINAR DE ATENCAO DOMICILIAR TIPO II,0,0,0,0,0,0,0,0,0,0,0,0,0,0,0,0,0,0,0,0,0,0,0,0,0,0,0,0,0,0,0,0,0,0,0,0,0,0,0,0,0,0,0,0,0,0,0,0,0,0,0,0,0,0,0,0,0,0,0,0,0,0,0,0,0,0,0,0,0,0,0,0,0,0,0,1,7,7,9,10,15,17,21,20,30,32,36,43,48,54,54,56,63,68,70,72,74,75,78,77,80,80,82,81,81,82,82,83,83,82,82,82,82,82,83,81,82,81,83,91,91,92,92,92,93,91,92,94,95,96,100,100,100,101,102,102,105,109,110,109,114,121,123,122,124,128,128,129,131,132,132,130,134,158,177,189,198,201,203,202,198,199,201,201,204,210,216,216,220,225,229,230,240,237,246,262,267,277,284,291,293,298,301,303,304,314,319,325,331,338,341,346,349,366,375,378,378
47 EAD - EQUIPE DE CUIDADOS DOMICILIARES,0,0,0,0,0,0,0,0,0,0,0,0,0,0,0,0,0,0,0,0,0,0,0,0,0,0,0,0,0,0,0,0,0,0,0,0,0,0,0,0,0,0,0,0,0,0,0,0,0,0,0,0,0,0,0,0,0,0,0,0,0,0,0,0,0,0,0,0,0,0,0,0,0,0,0,0,0,0,1,1,1,1,1,1,1,2,2,2,1,1,1,1,1,1,2,2,2,2,2,2,2,2,2,2,2,2,2,2,2,2,3,3,3,3,3,3,3,3,3,3,3,3,3,3,3,3,3,3,3,3,3,3,4,4,4,4,5,6,6,6,7,6,6,6,6,6,6,7,7,7,7,6,6,6,6,5,5,5,5,5,6,6,6,6,6,6,6,6,6,6,6,6,6,5,6,7,7,7,7,7,8,8,9,12,26,55,76,81,83,86,92,94,96,98,92,91,91
49 EAP,0,0,0,0,0,0,0,0,0,0,0,0,0,0,0,0,0,0,0,0,0,0,0,0,0,0,0,0,0,0,0,0,0,0,0,0,0,0,0,0,0,0,0,0,0,0,0,0,0,0,0,0,0,0,0,0,0,0,0,0,0,0,0,0,0,0,0,0,0,0,0,0,0,0,0,0,0,0,0,0,0,0,0,0,0,0,0,0,3,6,6,6,6,6,6,6,6,5,6,7,8,8,8,8,8,9,11,11,11,11,11,11,11,11,11,12,12,12,11,12,12,12,12,12,12,12,12,12,12,12,14,15,15,15,13,13,13,13,13,13,13,13,13,14,14,14,14,14,14,15,15,15,15,34,50,44,48,31,20,17,1,1,1,1,0,0,0,0,0,0,0,0,0,0,0,0,0,0,0,0,0,0,0,0,0,0,0,0,0,0,0,0,0,0,0,0,0
50 EABP1   - EQ ATENCAO BASICA PRISIONAL TIPO I,0,0,0,0,0,0,0,0,0,0,0,0,0,0,0,0,0,0,0,0,0,0,0,0,0,0,0,0,0,0,0,0,0,0,0,0,0,0,0,0,0,0,0,0,0,0,0,0,0,0,0,0,0,0,0,0,0,0,0,0,0,0,0,0,0,0,0,0,0,0,0,0,0,0,0,0,0,0,0,0,0,0,0,0,0,0,0,15,28,34,48,55,57,61,65,73,74,77,82,87,97,101,106,105,107,108,110,113,112,112,119,121,120,121,122,122,124,123,122,121,124,125,123,129,127,127,129,134,143,143,144,142,149,154,159,163,169,169,169,166,170,173,171,171,168,164,164,162,161,165,165,164,165,175,175,176,176,65,43,28,8,7,7,6,6,6,6,6,6,5,5,5,4,4,4,4,4,4,4,4,4,4,3,3,3,3,3,3,3,3,3,3,3,3,2,2,2
51 EABP1SM - EQ ATENCAO BASICA PRISIONAL TIPO I C SAUDE MENTAL,0,0,0,0,0,0,0,0,0,0,0,0,0,0,0,0,0,0,0,0,0,0,0,0,0,0,0,0,0,0,0,0,0,0,0,0,0,0,0,0,0,0,0,0,0,0,0,0,0,0,0,0,0,0,0,0,0,0,0,0,0,0,0,0,0,0,0,0,0,0,0,0,0,0,0,0,0,0,0,0,0,0,0,0,0,0,0,3,4,9,10,11,12,15,16,16,16,16,17,21,22,27,28,29,29,29,29,27,27,28,31,31,30,30,31,31,30,33,34,33,33,33,37,39,39,40,41,41,40,41,42,42,43,41,42,43,43,45,45,44,44,44,43,41,43,42,42,44,45,48,48,49,47,49,48,47,47,11,8,6,4,4,4,4,4,4,3,3,3,2,2,2,2,2,2,2,2,2,2,2,1,1,1,1,1,1,1,1,1,1,1,1,1,1,1,1,1
52 EABP2   - EQ ATENCAO BASICA PRISIONAL TIPO II,0,0,0,0,0,0,0,0,0,0,0,0,0,0,0,0,0,0,0,0,0,0,0,0,0,0,0,0,0,0,0,0,0,0,0,0,0,0,0,0,0,0,0,0,0,0,0,0,0,0,0,0,0,0,0,0,0,0,0,0,0,0,0,0,0,0,0,0,0,0,0,0,0,0,0,0,0,0,0,0,0,0,0,0,0,0,0,9,17,34,54,65,69,72,73,71,74,78,77,79,82,80,82,81,81,81,81,83,82,82,77,74,77,78,77,80,79,78,78,82,84,83,86,84,83,85,86,90,97,97,97,97,101,100,97,99,102,104,104,108,109,111,113,114,115,122,122,127,126,132,131,132,135,141,143,142,142,56,30,21,9,9,7,7,7,6,6,6,6,6,6,6,6,6,6,5,5,4,4,4,4,4,4,4,4,4,4,4,4,4,4,4,4,4,4,3,3
53 EABP2SM - EQ ATENCAO BASICA PRISIONAL TIPO II C SAUDE MENTAL,0,0,0,0,0,0,0,0,0,0,0,0,0,0,0,0,0,0,0,0,0,0,0,0,0,0,0,0,0,0,0,0,0,0,0,0,0,0,0,0,0,0,0,0,0,0,0,0,0,0,0,0,0,0,0,0,0,0,0,0,0,0,0,0,0,0,0,0,0,0,0,0,0,0,0,0,0,0,0,0,0,0,0,0,0,0,0,1,4,7,10,10,13,13,13,15,18,21,22,23,26,27,30,29,28,28,29,30,30,30,28,28,29,27,27,25,26,25,25,23,25,25,26,30,30,32,31,33,34,34,34,34,33,34,34,34,36,36,35,37,37,38,38,39,37,36,37,38,41,44,54,56,55,59,59,59,59,26,21,16,3,3,3,3,2,2,2,2,2,2,2,2,2,2,2,2,2,2,2,2,2,2,2,2,2,2,2,2,2,2,2,2,2,1,1,1,1
54 EABP3   - EQ ATENCAO BASICA PRISIONAL TIPO III,0,0,0,0,0,0,0,0,0,0,0,0,0,0,0,0,0,0,0,0,0,0,0,0,0,0,0,0,0,0,0,0,0,0,0,0,0,0,0,0,0,0,0,0,0,0,0,0,0,0,0,0,0,0,0,0,0,0,0,0,0,0,0,0,0,0,0,0,0,0,0,0,0,0,0,0,0,0,0,0,0,0,0,0,0,0,0,0,4,28,32,34,37,35,34,33,34,39,40,39,38,39,41,41,44,45,46,46,46,48,45,47,46,45,47,40,40,40,45,49,49,49,50,55,52,55,56,54,57,59,59,60,62,65,67,68,70,69,70,71,70,69,70,71,74,85,86,86,87,90,98,98,98,102,105,103,109,50,14,7,4,4,3,2,2,2,2,2,2,2,2,2,2,2,2,2,2,2,2,2,2,2,2,2,2,2,2,2,2,2,2,2,2,2,2,2,2
70 ESF - EQUIPE DE SAUDE DA FAMILIA,0,0,0,0,0,0,0,0,0,0,0,0,0,0,0,0,0,0,0,0,0,0,0,0,0,0,0,0,0,0,0,0,0,0,0,0,0,0,0,0,0,0,0,0,0,0,0,0,0,0,0,0,0,0,0,0,0,0,0,0,0,0,0,0,0,0,0,0,0,0,0,0,0,0,0,0,0,0,0,0,0,0,0,0,0,0,0,0,0,0,0,0,0,0,0,0,0,0,0,0,0,0,0,0,0,0,0,0,0,0,0,0,0,0,0,0,0,0,0,0,0,0,0,0,0,0,0,0,0,0,0,0,0,0,0,0,0,0,0,0,0,0,0,0,0,0,0,0,0,0,0,0,0,0,0,0,0,36783,44463,47022,48601,48795,48899,49012,49082,49133,49202,49259,49319,49368,49444,49625,49813,49972,50106,50311,50463,50622,50650,50709,50754,50865,50921,50987,51122,51249,51348,51456,51579,51805,51824,51863,51942,52083,52439,52630,52734
71 ESB - EQUIPE DE SAUDE BUCAL,0,0,0,0,0,0,0,0,0,0,0,0,0,0,0,0,0,0,0,0,0,0,0,0,0,0,0,0,0,0,0,0,0,0,0,0,0,0,0,0,0,0,0,0,0,0,0,0,0,0,0,0,0,0,0,0,0,0,0,0,0,0,0,0,0,0,0,0,0,0,0,0,0,0,0,0,0,0,0,0,0,0,0,0,0,0,0,0,0,0,0,0,0,0,0,0,0,0,0,0,0,0,0,0,0,0,0,0,0,0,0,0,0,0,0,0,0,0,0,0,0,0,0,0,0,0,0,0,0,0,0,0,0,0,0,0,0,0,0,0,0,0,0,0,0,0,0,0,0,0,0,0,0,0,0,0,0,20746,26831,29633,31735,32027,32426,32860,33062,33482,33690,33784,33970,34094,34207,34461,34807,35039,35190,35337,35493,35596,35691,35821,35915,36023,36098,36201,36356,36454,36547,36678,36740,36800,36828,36950,37281,37621,38209,38447,38694
72 ENASF-AB - EQ NUCLEO AMPLIADO SAUDE DA FAMILIA AT. PRIMARIA,0,0,0,0,0,0,0,0,0,0,0,0,0,0,0,0,0,0,0,0,0,0,0,0,0,0,0,0,0,0,0,0,0,0,0,0,0,0,0,0,0,0,0,0,0,0,0,0,0,0,0,0,0,0,0,0,0,0,0,0,0,0,0,0,0,0,0,0,0,0,0,0,0,0,0,0,0,0,0,0,0,0,0,0,0,0,0,0,0,0,0,0,0,0,0,0,0,0,0,0,0,0,0,0,0,0,0,0,0,0,0,0,0,0,0,0,0,0,0,0,0,0,0,0,0,0,0,0,0,0,0,0,0,0,0,0,0,0,0,0,0,0,0,0,0,0,0,0,0,0,0,0,0,0,0,0,0,3724,4536,4912,5366,5412,5425,5435,5417,5387,5360,5348,5313,5335,5316,5317,5336,5329,5396,5394,5381,5369,5400,5408,5403,5406,5398,5387,5352,5381,5427,5435,5438,5435,5461,5492,5512,5720,7342,7559,7715
73 ECR - EQUIPE DOS CONSULTORIOS NA RUA,0,0,0,0,0,0,0,0,0,0,0,0,0,0,0,0,0,0,0,0,0,0,0,0,0,0,0,0,0,0,0,0,0,0,0,0,0,0,0,0,0,0,0,0,0,0,0,0,0,0,0,0,0,0,0,0,0,0,0,0,0,0,0,0,0,0,0,0,0,0,0,0,0,0,0,0,0,0,0,0,0,0,0,0,0,0,0,0,0,0,0,0,0,0,0,0,0,0,0,0,0,0,0,0,0,0,0,0,0,0,0,0,0,0,0,0,0,0,0,0,0,0,0,0,0,0,0,0,0,0,0,0,0,0,0,0,0,0,0,0,0,0,0,0,0,0,0,0,0,0,0,0,0,0,0,0,0,116,161,180,193,194,194,193,193,194,195,196,196,197,197,205,208,213,217,218,225,226,225,227,229,233,235,229,240,236,239,243,246,253,254,253,253,259,268,275,277
74 EABP - EQUIPE DE ATENCAO PRIMARIA PRISIONAL,0,0,0,0,0,0,0,0,0,0,0,0,0,0,0,0,0,0,0,0,0,0,0,0,0,0,0,0,0,0,0,0,0,0,0,0,0,0,0,0,0,0,0,0,0,0,0,0,0,0,0,0,0,0,0,0,0,0,0,0,0,0,0,0,0,0,0,0,0,0,0,0,0,0,0,0,0,0,0,0,0,0,0,0,0,0,0,0,0,0,0,0,0,0,0,0,0,0,0,0,0,0,0,0,0,0,0,0,0,0,0,0,0,0,0,0,0,0,0,0,0,0,0,0,0,0,0,0,0,0,0,0,0,0,0,0,0,0,0,0,0,0,0,0,0,0,0,0,0,0,0,0,0,0,0,0,0,357,479,520,605,613,625,628,627,624,620,633,642,646,650,655,666,674,692,735,764,785,806,819,832,842,869,876,899,907,942,945,963,962,971,975,984,995,1026,1032,1041
75 EMAESM - EQ  MULTIPROF  ATENCAO ESPECIALIZADA SAUDE MENTAL,0,0,0,0,0,0,0,0,0,0,0,0,0,0,0,0,0,0,0,0,0,0,0,0,0,0,0,0,0,0,0,0,0,0,0,0,0,0,0,0,0,0,0,0,0,0,0,0,0,0,0,0,0,0,0,0,0,0,0,0,0,0,0,0,0,0,0,0,0,0,0,0,0,0,0,0,0,0,0,0,0,0,0,0,0,0,0,0,0,0,0,0,0,0,0,0,0,0,0,0,0,0,0,0,0,0,0,0,0,0,0,0,0,0,0,0,0,0,0,0,0,0,0,0,0,0,0,0,0,0,0,0,0,0,0,0,0,0,0,0,0,0,0,0,0,0,0,0,0,0,0,0,0,0,0,0,0,74,99,120,140,144,149,146,149,163,169,180,198,240,290,339,370,430,460,508,527,555,578,587,611,630,648,660,676,678,683,685,689,693,701,707,718,735,704,702,692
76 EAP - EQUIPE DE ATENCAO PRIMARIA,0,0,0,0,0,0,0,0,0,0,0,0,0,0,0,0,0,0,0,0,0,0,0,0,0,0,0,0,0,0,0,0,0,0,0,0,0,0,0,0,0,0,0,0,0,0,0,0,0,0,0,0,0,0,0,0,0,0,0,0,0,0,0,0,0,0,0,0,0,0,0,0,0,0,0,0,0,0,0,0,0,0,0,0,0,0,0,0,0,0,0,0,0,0,0,0,0,0,0,0,0,0,0,0,0,0,0,0,0,0,0,0,0,0,0,0,0,0,0,0,0,0,0,0,0,0,0,0,0,0,0,0,0,0,0,0,0,0,0,0,0,0,0,0,0,0,0,0,0,0,0,0,0,0,0,0,0,1342,2094,2519,2902,3037,3128,3232,3290,3620,3870,4079,4174,4245,4284,4380,4487,4573,4671,4787,4845,4911,4946,5009,5009,5175,5316,5407,5450,5470,5487,5484,5489,5537,5567,5595,5721,5883,6105,6223,6245
Total,20029,24222,25454,23936,29193,31752,31238,31507,31745,31891,31929,32206,32433,32631,32988,33332,33763,33892,34014,34064,34101,34220,34368,34393,34634,34831,34926,35209,35514,35788,35936,36013,36213,36447,36551,36772,36950,37013,37240,37522,37708,37832,37978,38173,38313,38401,38488,38586,38695,38896,39007,39109,39175,39371,39607,39734,39963,40006,40274,40482,40616,40788,40907,41199,41438,41572,41666,41612,41776,41764,41778,42157,42263,42531,42773,42960,43282,43464,43911,44137,44566,45017,45025,45409,45607,46422,46907,47423,47917,48271,48511,48826,48890,49058,49217,49533,49814,49894,50110,50386,50523,50811,50978,51140,51218,51352,51453,51584,51572,51682,51829,52047,52075,52341,52390,52351,52162,52328,52282,52593,52661,52771,52852,53069,53293,53520,53742,53868,54202,55144,55254,55342,55452,55474,55561,55729,55874,56023,56150,56123,55961,56042,56126,56206,56305,56490,56465,56670,56692,56855,57017,57040,57119,57830,57946,58063,58402,80117,87137,90444,92958,93512,94086,94691,94989,95745,96243,96614,96957,97270,97532,98129,98858,99415,99926,100514,100926,101345,101582,101836,101995,102431,102754,103014,103377,103709,104050,104313,104544,104892,105014,105256,105838,106762,109540,110338,110876
